type, name, total_sales, premium
Kyrie, Kyrie 1 All Star, 111, 35.38
Kyrie, Kyrie 1 Australia, 25, 13.64
Kyrie, Kyrie 1 Dream, 59, 98.18
Kyrie, Kyrie 1 Driveway, 11, 17.27
Kyrie, Kyrie 1 Duke Brotherhood, 27, 26.36
Kyrie, Kyrie 1 Duke Brotherhood (GS), --, 
Kyrie, Kyrie 1 Easter, 28, 14.55
Kyrie, Kyrie 1 Independence Day, 31, 10.91
Kyrie, Kyrie 1 Infrared, 45, 24.55
Kyrie, Kyrie 1 Letterman, 20, 10
Kyrie, Kyrie 1 Opening Night, 83, 45.38
Kyrie, Kyrie 1 Pepsi Uncle Drew, 1, 
Kyrie, Kyrie 1 Rise China, --, 
Kyrie, Kyrie 1 The Dungeon, 11, 1.82
Kyrie, Kyrie 1 Venus Flytrap, 20, -6.36
Kyrie, Kyrie 1 Wolf Grey, 28, 29.09
Kyrie, Kyrie 2 All Star (2016), 57, -3.33
Kyrie, Kyrie 2 All-Star 2016 (GS), 4, -35
Kyrie, Kyrie 2 Australia, 18, -32.5
Kyrie, Kyrie 2 BHM (2016), 71, 38.33
Kyrie, Kyrie 2 Cavs, 17, 3.33
Kyrie, Kyrie 2 Crossover, 14, 28.33
Kyrie, Kyrie 2 Doernbecher, 123, 70.83
Kyrie, Kyrie 2 Doernbecher (GS), 13, 23
Kyrie, Kyrie 2 Duke, 85, 37.5
Kyrie, Kyrie 2 EYBL, 6, 188.8
Kyrie, Kyrie 2 Easter, 21, -5
Kyrie, Kyrie 2 Gold Medal, 37, 34.17
Kyrie, Kyrie 2 Inferno, 38, 13.6
Kyrie, Kyrie 2 Ky-Rispy Kreme (Special Box Version 2) (Not Windowed), 96, 50
Kyrie, Kyrie 2 Kyrache, 61, -11.67
Kyrie, Kyrie 2 Kyrache (GS), 3, -29.09
Kyrie, Kyrie 2 Kyrie-Oke, 15, 7.5
Kyrie, Kyrie 2 Omega, 8, -21.67
Kyrie, Kyrie 2 Parade, 17, 0
Kyrie, Kyrie 2 Red Velvet, 15, -5
Kyrie, Kyrie 2 School Bus (GS), 14, -23
Kyrie, Kyrie 2 Silver Speckle, 7, -1.67
Kyrie, Kyrie 2 Skateboard (GS), 3, 8
Kyrie, Kyrie 2 Summer Pack, 13, -10
Kyrie, Kyrie 2 The Effect, 63, 66.4
Kyrie, Kyrie 2 Triple Black, 27, 0.83
Kyrie, Kyrie 2 USA, 22, 5.83
Kyrie, Kyrie 2 What The Kyrie Sail, 91, 40.83
Kyrie, Kyrie 2 What the Kyrie Green Glow, 27, 65
Kyrie, Kyrie 3 Aqua (GS), --, 
Kyrie, Kyrie 3 BHM (2017), 71, 14.17
Kyrie, Kyrie 3 Black Ice, 27, -5.83
Kyrie, Kyrie 3 Black Suede, 207, -44.17
Kyrie, Kyrie 3 Candy Apple Red (GS), 12, -22
Kyrie, Kyrie 3 Cool Grey, 12, 0
Kyrie, Kyrie 3 Duke, 91, 26.67
Kyrie, Kyrie 3 EYBL, 49, 156.67
Kyrie, Kyrie 3 Finals Gold, 144, 25.83
Kyrie, Kyrie 3 Hyper Cobalt "Duke", 27, -24.17
Kyrie, Kyrie 3 Ivory, 20, -16.67
Kyrie, Kyrie 3 Kyrache Light, 108, -40
Kyrie, Kyrie 3 Mac and Cheese (GS), 1, 20
Kyrie, Kyrie 3 Mamba Mentality Bruce Lee, 393, 144.17
Kyrie, Kyrie 3 N7 (2017), 4, -6.67
Kyrie, Kyrie 3 N7 2017 (GS), --, 
Kyrie, Kyrie 3 Obsidian, 11, -29.17
Kyrie, Kyrie 3 Red Suede, 192, -41.67
Kyrie, Kyrie 3 Samurai, 64, 91.67
Kyrie, Kyrie 3 Summer Pack (GS), 15, -9
Kyrie, Kyrie 3 Team Red, 28, -25.83
Kyrie, Kyrie 3 Three Point Contest Candy Apple, 31, 5
Kyrie, Kyrie 3 Time to Shine, 59, 19.17
Kyrie, Kyrie 3 Triple Black, 33, -2.5
Kyrie, Kyrie 3 Warning (TD), --, 
Kyrie, Kyrie 3 What the Kyrie (GS), 19, -5
Kyrie, Kyrie 4 70s (Decades Pack), 276, -2.5
Kyrie, Kyrie 4 70s (GS), 9, -1
Kyrie, Kyrie 4 70s Decades Pack (GS), --, 
Kyrie, Kyrie 4 80s (Decades Pack), 223, -5
Kyrie, Kyrie 4 80s Decades Pack (GS), 2, 0
Kyrie, Kyrie 4 90s (Decades Pack), 218, 5.83
Kyrie, Kyrie 4 All-Star (2018), 782, 9.17
Kyrie, Kyrie 4 All-Star 2018 (GS), 27, 9
Kyrie, Kyrie 4 Ankle Taker, 128, -26.67
Kyrie, Kyrie 4 Atomic Pink (GS), 28, -22
Kyrie, Kyrie 4 Black History Month 2018 (GS), 49, 24
Kyrie, Kyrie 4 Black Metallic Silver, 191, -30.83
Kyrie, Kyrie 4 Black White, 8, 0.83
Kyrie, Kyrie 4 Blackout, 121, -4.17
Kyrie, Kyrie 4 Boston University, 2, 735.83
Kyrie, Kyrie 4 Chinese New Year (2018), 438, 50
Kyrie, Kyrie 4 Cinnamon Toast Crunch (GS), 79, 25
Kyrie, Kyrie 4 City Guardians, 196, -19.17
Kyrie, Kyrie 4 Concepts Green Lobster (Special Box), 89, 535.33
Kyrie, Kyrie 4 Confetti, 698, 140
Kyrie, Kyrie 4 Confetti (GS), 107, 77
Kyrie, Kyrie 4 Day of the Dead, 626, 14.62
Kyrie, Kyrie 4 Equality Black History Month (2018), 700, 36.67
Kyrie, Kyrie 4 Fall Foliage, 10, 376.8
Kyrie, Kyrie 4 Game Royal, 4, 17.5
Kyrie, Kyrie 4 Halloween, 840, 10
Kyrie, Kyrie 4 Halloween (GS), 50, -2
Kyrie, Kyrie 4 Kix, 452, 2.5
Kyrie, Kyrie 4 Kix (GS), 14, -30
Kyrie, Kyrie 4 Little Big Cats (TD), 1, 45.45
Kyrie, Kyrie 4 London, 13, 584.83
Kyrie, Kyrie 4 Low White Black, 14, -7.27
Kyrie, Kyrie 4 Lucky Charms, 3003, 66.67
Kyrie, Kyrie 4 Lucky Charms (GS), 329, 40
Kyrie, Kyrie 4 Mamba Mentality (PS), --, 
Kyrie, Kyrie 4 N7 (2018), 103, -16.67
Kyrie, Kyrie 4 Pitch Blue, 64, -23.33
Kyrie, Kyrie 4 Power Is Female, 176, 7.5
Kyrie, Kyrie 4 Think 16, 164, -25.83
Kyrie, Kyrie 4 Uncle Drew, 559, -6.67
Kyrie, Kyrie 4 Uncle Drew (GS), 1, 30
Kyrie, Kyrie 4 Uncle Drew (TD), --, 
Kyrie, Kyrie 4 University Red, 7, 5
Kyrie, Kyrie 4 White Black, 9, 15.83
Kyrie, Kyrie 4 White Deep Royal Blue, 24, -30.83
Kyrie, Kyrie 4 Year of the Monkey, 228, -24.8
Kyrie, Kyrie 5 BHM (2019), 16, 26.92
Kyrie, Kyrie 5 Black Magic, 294, -9.23
Kyrie, Kyrie 5 Concepts Ikhet, 2113, 41.43
Kyrie, Kyrie 5 Just Do It (GS), 12, 19.09
Kyrie, Kyrie 5 Just Do It (PS), --, 
Kyrie, Kyrie 5 Just Do It (TD), --, 
Kyrie, Kyrie 5 Multi-Color, 209, -12.31
Kyrie, Kyrie 5 Multi-Color (PS), --, 
Kyrie, Kyrie 5 Taco PE, 1707, 21.54
Kyrie, Kyrie Flytrap Black Gunsmoke, 3, -27.5
Kyrie, Kyrie Low 1 Amarillo, 33, -11.82
Kyrie, Kyrie Low 1 Floral, 1, -0.91
Kyrie, Kyrie Low 1 Hot Punch, 31, 14.55
Kyrie, Kyrie Low 1 Triple Black, 13, -6.36
Kyrie, Kyrie Low 1 Uncle Drew, 56, 43.64
Kyrie, Kyrie Low 1 White Black, 46, -4.55
Kyrie, Nike Basketball LeBron Kyrie Four Wins Game 3 Homecoming Championship Pack, 32, -4.67
Kyrie, Nike Basketball LeBron Kyrie Four Wins Game 5 Forty Ones Championship Pack, 27, 34.33
Kyrie, Nike Basketball LeBron Kyrie Four Wins Game 6 Unbroken Championship Pack, 28, 8.67
Kyrie, Nike Basketball LeBron Kyrie Four Wins Game 7 Fifty-Two Years Championship Pack, 36, 67.33
Kyrie, Nike Hyperdunk 2013 Kyrie Irving Australia PE, 6, 1.43
Kyrie, Nike Kyrie 3 Sneaker Room Mom (Red), 13, 152
Kyrie, Nike Kyrie S1 Hybrid What The (Multicolor), 278, 20
PG, Nike PG 1 Baseline, 41, -30
PG, Nike PG 1 Black Aqua, 128, -41.82
PG, Nike PG 1 Black Gum, 133, -25.45
PG, Nike PG 1 Black Ice, 18, 5.45
PG, Nike PG 1 Black University Gold, 132, -31.82
PG, Nike PG 1 Bright Violet, 123, -41.82
PG, Nike PG 1 Elements, 38, -32.73
PG, Nike PG 1 Flip the Switch, 34, 24.55
PG, Nike PG 1 Game Royal, 86, -38.18
PG, Nike PG 1 Glacier Grey, 13, -28.18
PG, Nike PG 1 Ivory, 77, -5.45
PG, Nike PG 1 Prototype (GS), 1, 15.79
PG, Nike PG 1 Score In Bunches (GS), 7, -35.56
PG, Nike PG 1 Shining "Pre-Heat", 135, 63.64
PG, Nike PG 1 USA, 211, -35.45
PG, Nike PG 1 University Red, 52, -26.36
PG, Nike PG 1 Volt, 121, -38.18
PG, Nike PG 1 White Ice, 20, 0.91
PG, Nike PG 2 ACG, 47, -19.09
PG, Nike PG 2 Anthracite Hot Punch, 28, -31.82
PG, Nike PG 2 Blue Lagoon, 96, -38.18
PG, Nike PG 2 Playstation, 954, 378.18
PG, Nike PG 2 Pure Platinum (GS), 1, 0
PG, Nike PG 2.5 Black Photo Blue, 36, -10.91
PG, Nike PG 2.5 Black Pure Platinum, 4, -25.45
PG, Nike PG 2.5 Dark Grey, 83, -28.18
PG, Nike PG 2.5 Fresno State, 40, -14.55
PG, Nike PG 2.5 Pendleton, 46, 29.09
PG, Nike PG 2.5 Playstation Multi-Color, 994, 38.18
PG, Nike PG 2.5 Playstation White, 553, 70
PG, Nike PG 2.5 Playstation Wolf Grey, 6134, 38.18
PG, Nike PG 2.5 Playstation Wolf Grey (GS), 517, 8.89
PG, Nike PG 3 BHM (2019), 5, 40
PG, Nike PG 3 NASA, 1121, 21.67
PG, Nike PG 3 NASA (Finishline Special Box), 38, 72.5
PG, Nike PG 3 NASA (GS), 14, 19
PG, PG 1 Pure Platinum, 15, -39.09
PG, PG 1 The Bait, 41, -13.64
PG, PG 2 All-Star (2018), 130, 10.91
PG, PG 2 All-Star 2018 (GS), 1, 72.22
PG, PG 2 Home, 146, -22.73
PG, PG 2 Mamba Mentality, 270, -10
PG, PG 2 NCAA, 131, 0.91
PG, PG 2 Pure Platinum, 24, -40
PG, PG 2 Taurus, 50, -19.09
PG, PG 2 Taurus (GS), 1, -21.11
PG, PG 2 White Ice, 66, -17.27
PG, PG 2.5 Moon Exploration, 73, -21.82
PG, PG 2.5 Racer Blue, 9, -19.09
Kyrie, Kyrie 1 BHM, 46, 25.38
Kyrie, Kyrie 1 Deceptive Red, 46, 50
Kyrie, Kyrie 2 Battle Grey, 16, 6.67
Kyrie, Kyrie 2 Blue Speckle, --, 
Kyrie, Kyrie 2 Christmas, 51, -3.2
Kyrie, Kyrie 2 Ky-Rispy Kreme (Special Box Version 1) (Windowed), 14, 155.62
Kyrie, Kyrie 2 Wet (GS), --, 
Kyrie, Kyrie 2 Wolf Pack, 3, 27.5
Kyrie, Kyrie 3 Aqua, 112, -6.67
Kyrie, Kyrie 3 Black Yellow, 11, -29.17
Kyrie, Kyrie 3 Flip the Switch, 76, 32.5
Kyrie, Kyrie 3 Luck, 6, 1661.67
Kyrie, Kyrie 3 Ray Gun, 10, 1525.83
Kyrie, Kyrie 3 TB Black White, 88, -23.33
Kyrie, Kyrie 4 Dark Obsidian "Think Twice", 217, -36.67
Kyrie, Kyrie 4 Mamba Mentality, 337, -15
Kyrie, Kyrie 4 Red Carpet, 699, 20.83
Kyrie, Kyrie 4 Tiffany (GS), 8, -25
Kyrie, Kyrie 4 Wolf Grey, --, 
Kyrie, Kyrie 5 Concepts Ikhet (Special Box), 1062, 62.14
Kyrie, Kyrie 5 Just Do It, 221, -9.23
Kyrie, Kyrie Low 1 Black Metallic Silver, 8, 4.55
PG, Nike PG 1 EYBL, 50, 194.55
Kyrie, Kyrie 3 Mountain Dew K.A.R.E. Kit, 1, 
Kyrie, Kyrie 3 PK80, 10, 
Kyrie, Kyrie 3 White Chrome, 41, 4.17
Kyrie, Kyrie 4 Cinnamon Toast Crunch (Special Cereal Box Package), 48, 
Kyrie, Kyrie 4 Kix (Special Cereal Box Package), 62, 
Kyrie, Kyrie 4 Lucky Charms (Special Cereal Box Package), 65, 
Kyrie, Kyrie 4 NBA 2K18, 15, 
Kyrie, Kyrie 5 UConn Home PE, --, 
PG, Nike PG 1 BHM, --, 
PG, Nike PG 2 EYBL, 18, 
PG, Nike PG 2 Playstation Pack (F&F), --, 
Kyrie, Kyrie 4 Midnight Navy, 2, -4.17
Kyrie, Kyrie 4 NCAA, 314, 5.83
Kyrie, Kyrie 4 Cinnamon Toast Crunch, 1770, 30
Kyrie, Nike Kyrie S1 Hybrid Black, 31, 88.46
Kyrie, Nike Kyrie S1 Hybrid Blue-Gold, 16, 117.69
Kyrie, Kyrie 2 EYBL Promo, 8, 
PG, Nike PG 1 Black History Month (2018), 12, 
Kyrie, Kyrie 1 Easter (GS), 2, 
Kyrie, Kyrie 1 Rise LTD, 21, 
Kyrie, Kyrie 2 Drew League (Nike ID), 3, 
Kyrie, Kyrie 4 Concepts Yellow Lobster, 13, 
Kyrie, Kyrie 5 Chinese New Year 2019, 87, 
KD, KD 1 Texas, --, 
KD, KD 10 All-Star (2018), --, 
KD, KD 10 Anniversary, 50, 6.67
KD, KD 10 Aunt Pearl, 383, 6.67
KD, KD 10 Aunt Pearl (GS), 115, -33.85
KD, KD 10 Aunt Pearl (PS), 9, -47.78
KD, KD 10 Aunt Pearl (TD), 11, -16.67
KD, KD 10 Black History Month (2018), 193, -11.33
KD, KD 10 Black White, 116, -14.67
KD, KD 10 Black White (GS), 1, 7.69
KD, KD 10 Blackout, 269, -28.67
KD, KD 10 Blackout (GS), 9, -34.4
KD, KD 10 Blinders, 14, 9.33
KD, KD 10 Bred (GS), 4, -39.2
KD, KD 10 Cool Grey Igloo, 90, -37.33
KD, KD 10 Cool Grey Igloo (W), --, 
KD, KD 10 Dark Grey, 19, -32
KD, KD 10 Dark Stucco, 19, -29.33
KD, KD 10 Finals, 70, 73.33
KD, KD 10 Hyper Turquoise, 89, -24
KD, KD 10 Multi-Color, 137, -30
KD, KD 10 NFS, --, 
KD, KD 10 Numbers, 235, -37.33
KD, KD 10 Olive, 18, -18.67
KD, KD 10 Oreo, 73, -11.33
KD, KD 10 Pale Grey, 4, -10
KD, KD 10 Platinum, 76, -30
KD, KD 10 Racer Blue, 4, 0.67
KD, KD 10 Royal Foamposite (GS), 9, -18.4
KD, KD 10 Still KD, 62, -27.33
KD, KD 10 Still KD (SNKRS Exclusive With Pin Set), 5, -37.33
KD, KD 10 University Red, 114, -38
KD, KD 10 University Red (GS), 1, -58.4
KD, KD 10 What the, 58, 186
KD, KD 10 Wolf Grey, 51, -34
KD, KD 11 BHM (2019), 1, 86.67
KD, KD 11 Black Twilight Pulse, 24, -12
KD, KD 11 Black White Racer Blue, 2, 15.33
KD, KD 11 Chinese Zodiac, 17, 8.67
KD, KD 11 Chinese Zodiac (GS), 2, -8
KD, KD 11 Cool Grey, 33, -11.33
KD, KD 11 EP EYBL, 1, 6
KD, KD 11 EYBL, 1075, 29.33
KD, KD 11 EYBL (GS), 40, 2.4
KD, KD 11 Just Do It, 14, -0.67
KD, KD 11 Little Big Cats (TD), 1, 7.69
KD, KD 11 Multi-Color Metallic Gold, 121, -1.33
KD, KD 11 Paranoid, 201, 0
KD, KD 11 Still KD, 127, -8.67
KD, KD 2 All-Star (2010), --, 
KD, KD 2 OKC Away, 1, 11.76
KD, KD 3 All star, 2, 261.36
KD, KD 3 Carbon Fiber, --, 
KD, KD 3 Christmas, 6, 88.64
KD, KD 3 EA Sports, 1, 320.45
KD, KD 3 LS Scoring Title, 2, 80.68
KD, KD 3 Midnight Navy, --, 
KD, KD 3 Mike Miller, --, 
KD, KD 3 OKC Away, 2, -25
KD, KD 3 OKC Home, 1, 69.32
KD, KD 3 Redskins, 6, 73.86
KD, KD 3 TB Black, 1, 95.45
KD, KD 3 TB Black White, --, 
KD, KD 3 TB Green, --, 
KD, KD 3 TB Red, --, 
KD, KD 3 TB Royal, --, 
KD, KD 3 Texas, --, 
KD, KD 3 Wolf Grey Del Sol, 1, -31.82
KD, KD 4 Aunt Pearl, 21, 288.42
KD, KD 4 Black History Month, 13, 165.26
KD, KD 4 Copper (Christmas), 8, 121.05
KD, KD 4 Easter, 22, 128.42
KD, KD 4 Galaxy AS, 40, 281.05
KD, KD 4 Gold Medal, 33, 175.79
KD, KD 4 N7 Black, 4, 86.32
KD, KD 4 N7 White, 6, 118.95
KD, KD 4 Nerf, 7, 778.4
KD, KD 4 Rogue Green (UNDFTD), 7, 107.37
KD, KD 4 Scoring Title, 12, 146.32
KD, KD 4 Texas Longhorns, 13, 121.05
KD, KD 4 Think 16 (Thunderstruck), 943, -7.86
KD, KD 4 USA Olympic, 9, 94.74
KD, KD 4 Weatherman, 10, 477.89
KD, KD 4 Year of the Dragon, 30, 111.58
KD, KD 5 All-Star Area 72, 68, -20
KD, KD 5 Aunt Pearl, 39, 15.56
KD, KD 5 Birch, 7, -34.78
KD, KD 5 Black History Month, 13, -8.89
KD, KD 5 Christmas, 63, -1.74
KD, KD 5 DMV, 32, -23.48
KD, KD 5 Easter, 27, -9.57
KD, KD 5 Elite EYBL, 8, 56.11
KD, KD 5 Elite Playoffs Home, 3, -27.78
KD, KD 5 Elite Superhero, 15, -41.67
KD, KD 5 Elite Team Orange, 5, -46.11
KD, KD 5 Elite+ White Gold, 7, -29
KD, KD 5 Ice Blue, 5, -6.96
KD, KD 5 N7, 17, -20.83
KD, KD 5 Splatter, 23, -23.48
KD, KD 5 What the KD, 2, 207.41
KD, KD 6 Aunt Pearl, 76, 44.67
KD, KD 6 Away, 7, -20.77
KD, KD 6 Away II, 11, -17.69
KD, KD 6 BHM, 39, -2.67
KD, KD 6 Bamboo, 20, -16.92
KD, KD 6 Christmas, 49, -0.77
KD, KD 6 EXT Floral, 66, 14.67
KD, KD 6 EXT Gum, 24, -3.08
KD, KD 6 Easter, 38, -23.08
KD, KD 6 Elite Fragment Royal, 9, 46.36
KD, KD 6 Elite Supremacy, 26, -7.73
KD, KD 6 Elite Team, 8, -33.5
KD, KD 6 Energy, 20, -23.08
KD, KD 6 GS Candy, --, 
KD, KD 6 Home II, 3, -3.85
KD, KD 6 Liger, 33, -2.31
KD, KD 6 Light Crimson DC, 8, 6.15
KD, KD 6 Maryland Blue Crab, 14, 3.85
KD, KD 6 Meteorology, 83, -5.38
KD, KD 6 N7, 31, 18.18
KD, KD 6 NOLA Gumbo League "Illusion", 127, -8
KD, KD 6 NSW Lifestyle Birthday, 1, -58.33
KD, KD 6 NYC 66, 16, -9.23
KD, KD 6 Neutral, 1, -11.54
KD, KD 6 Peanut Butter & Jelly (PBJ), 28, 26.92
KD, KD 6 Precision Timing, 9, 5.38
KD, KD 6 Seat Pleasant, 11, -3.85
KD, KD 6 Supreme D.C. Preheat, 16, 58
KD, KD 6 Texas, 15, -11.54
KD, KD 6 What the KD, 224, 43.33
KD, KD 7 35,000 Degrees, 23, -36
KD, KD 7 All-Star, 44, -39.41
KD, KD 7 Aunt Pearl, 210, 20
KD, KD 7 Aunt Pearl (GS), 23, 22.61
KD, KD 7 BHM 2015, 44, -9.41
KD, KD 7 Calm Before the Storm, 16, -35.33
KD, KD 7 Christmas Eggnog, 35, -20.59
KD, KD 7 EXT Black Suede, 16, -18
KD, KD 7 EXT Floral, 131, -8.5
KD, KD 7 EXT Plaid & Polka Dot, 28, -43.5
KD, KD 7 Easter, 7, -31.33
KD, KD 7 Easy Money, 19, -38
KD, KD 7 Electric Eel, 14, -36.67
KD, KD 7 Elite EYBL, 29, -25
KD, KD 7 Elite Elevate, 6, -71
KD, KD 7 Elite Rose Gold, 6, -47
KD, KD 7 Elite Team Pack, 8, -59
KD, KD 7 Flight, 14, -30
KD, KD 7 Global Game, 62, 2.67
KD, KD 7 Good Apples, 24, -22
KD, KD 7 Hyper Punch (GS), --, 
KD, KD 7 Longhorn State, 27, -44.5
KD, KD 7 N7, 19, -40
KD, KD 7 NSW Challenge Red, 8, 3.48
KD, KD 7 NSW Hazelnut, 5, -15.2
KD, KD 7 NSW Lifestyle Betta, --, 
KD, KD 7 NSW Multi-Color, 4, -43.2
KD, KD 7 OKC Away, 6, -26.67
KD, KD 7 Peanut Butter Jelly (GS), 1, 29.57
KD, KD 7 Texas, 4, -20
KD, KD 7 Uprising, 17, -44
KD, KD 7 Weatherman, 65, -44.67
KD, KD 7 What the KD, 199, -14.5
KD, KD 8 All Star (2016), 16, -33
KD, KD 8 Aunt Pearl, 86, -41
KD, KD 8 Away, 6, -58.33
KD, KD 8 BHM (2016), 10, -42.22
KD, KD 8 Blackout, 7, -40
KD, KD 8 Christmas, 37, -35.56
KD, KD 8 Christmas (GS), 1, -57.14
KD, KD 8 EXT Floral Finish, 20, -47
KD, KD 8 EXT Sail Chrome, 3, -26
KD, KD 8 EXT Vachetta Tan, 16, -60.5
KD, KD 8 EXT Woven Wonder, 12, -31
KD, KD 8 Easter, 14, -47.22
KD, KD 8 Easter 2016 (GS), 5, -56
KD, KD 8 Easy Euro, 3, -70.56
KD, KD 8 Elite Away, 19, -54
KD, KD 8 Elite Home, 2, -51.5
KD, KD 8 Elite Wolf Grey, 16, -55.5
KD, KD 8 Hunt's Hill Night, 25, -50
KD, KD 8 Hunt's Hill Sunrise, 11, -50
KD, KD 8 Independence Day, 7, -40.56
KD, KD 8 Money Ball (GS), --, 
KD, KD 8 N7, 15, -36
KD, KD 8 NSW Lifestyle Metallic Silver, --, 
KD, KD 8 OKC, 4, -38.33
KD, KD 8 Opening Night, 1, -22.22
KD, KD 8 Peanut Butter Jelly PBJ (GS), 1, -67.86
KD, KD 8 Prince George, 16, -48.33
KD, KD 8 Suit, 61, -62.78
KD, KD 8 V8, 22, -60.56
KD, KD 8 Vinary, 11, -63.89
KD, KD 8 Vivid Orange, 2, -52.78
KD, KD 8 What the, 15, -39
KD, KD 9 Aunt Pearl, 56, -42
KD, KD 9 BHM (2017), 14, -21.33
KD, KD 9 Battle Grey, 12, -38
KD, KD 9 Birds of Paradise, 32, -46
KD, KD 9 Black Space, 50, -38.67
KD, KD 9 Black White, 34, -36.67
KD, KD 9 Court Ready, 4, -44.67
KD, KD 9 Elite Dark Grey Hyper Orange, 44, -50
KD, KD 9 Elite Multi-Color, 18, -38.67
KD, KD 9 Elite Wanda, 11, -40.67
KD, KD 9 Fairmount, --, 
KD, KD 9 Fire and Ice (GS), 5, -0.8
KD, KD 9 Game Royal (GS), --, 
KD, KD 9 Gold Medal, 14, -26.67
KD, KD 9 Hard Work, 21, -54.67
KD, KD 9 Home, 14, -40
KD, KD 9 On Court, 26, -57.33
KD, KD 9 Oreo, 11, -2
KD, KD 9 Pre-Heat, 30, -12.67
KD, KD 9 Summer Pack, 27, -41.33
KD, KD 9 Summer Pack (GS), 3, -44
KD, KD 9 Texas, 26, -27.33
KD, KD 9 The Sauce, 11, -32
KD, KD 9 USA, 60, -9.33
KD, KD 9 USA (GS), 40, -44
KD, KD 9 Unlimited, 52, -43.33
KD, KD 9 Varsity Red, 12, -54
KD, KD 9 Wanda (GS), --, 
KD, KD Trey 5 III Black Anthracite, --, 
KD, KD Trey 5 III Childhood, --, 
KD, KD Trey 5 III Rise, --, 
KD, KD Trey 5 III Thumbs Up, --, 
KD, KD Trey 5 IV Crimson, --, 
KD, KD Trey 5 V Anthracite Black, 11, -51.11
KD, KD Trey 5 V Cool Grey, --, 
KD, KD Trey 5 V University Red Black, --, 
KD, KD Trey 5 V Warriors, 7, -40
KD, KD Trey 5 V White Pure Platinum, 4, -44.44
KD, Nike KD 1 OKC Home, --, 
KD, Nike KD 10 Still KD (GS), 4, -33
KD, Nike KD Trey 5 IV Think Pink, 1, -30.43
KD, KD 10 City Edition (GS), 5, -34.4
KD, KD 10 City Series, 130, -31.33
KD, KD 5 Hulk, 4, -24.35
KD, KD 5 Texas, 4, -6.96
KD, KD 5 Thunder Away, 2, -8.18
KD, KD 6 Brazil, 16, -18.46
KD, KD 6 Elite Fragment Chino, 3, -38.64
KD, KD 7 Gold Medal, 30, 8.24
KD, KD 7 Lightning 534, 12, -35.33
KD, KD 7 USA, 30, -17.33
KD, KD 8 Perserverance, 2, -62.5
KD, KD 8 Photo Blue, 15, -51.67
KD, KD 9 Elite Flip the Switch, 8, -21.33
KD, KD 9 Elite Pale Grey, 41, -37.33
KD, KD 9 Elite Pearl Pink, 4, -30
KD, KD 9 Elite Time to Shine, 14, -38.67
KD, KD 11 Multi-Color, 131, -11.33
KD, Nike KD Trey 5 IV White Black Multi-Color, --, 
KD, KD 10 PK80, 4, 
KD, KD 10 Peach Jam, 5, 
KD, KD 11 Scrooge PE, --, 
KD, KD 4 EYBL, --, 
KD, KD 4 Entourage, --, 
KD, KD 5 BHM (GS), --, 
KD, KD 5 Home, 1, 
KD, KD 6 BHM (GS), --, 
KD, KD 6 Elite Gold, 11, 
KD, KD 6 Hero Pack, 4, 
KD, KD 6 Liger (GS), 2, 
KD, KD 6 NSW Birthday, --, 
KD, KD 6 Team, 1, 
KD, KD 7 35,000 Degrees (GS), --, 
KD, KD 7 Clearwater, 10, 
KD, KD 7 NSW White Ice Blue, 1, 
KD, KD 8 Aunt Pearl (GS), 3, 
KD, KD 6 Elite EYBL, 3, 
Kobe, KB Mentality 2 Black Volt Wolf Grey, --, 
Kobe, Kobe 1 2006 All-Star, 10, 79.23
Kobe, Kobe 1 Black Maize, 6, 23.08
Kobe, Kobe 1 Black Mamba, 6, 36.92
Kobe, Kobe 1 Black Mamba Collection Fade to Black, 33, 58.5
Kobe, Kobe 1 Blackout, 3, 90.77
Kobe, Kobe 1 Prelude (81 Points), 57, 161
Kobe, Kobe 1 Protro 81 Pt Game, 131, 6.86
Kobe, Kobe 1 Protro Black Maize, 1417, 30.86
Kobe, Kobe 1 Protro DeMar DeRozan, 27, 316
Kobe, Kobe 1 Protro Devin Booker PE, 34, 340.57
Kobe, Kobe 1 Protro MPLS, 505, -18.29
Kobe, Kobe 1 Protro Mamba Day, 828, 41.71
Kobe, Kobe 1 Protro Think 16 (Close Out), 1751, 9.14
Kobe, Kobe 1 Protro Undefeated Camo, 1806, 139.44
Kobe, Kobe 1 Protro Undefeated Flight Jacket, 20, 2074.44
Kobe, Kobe 1 Protro Undefeated Green Camo (Silver Lake), 218, 111.67
Kobe, Kobe 1 Protro Undefeated Orange Camo (Phoenix), 208, 128.89
Kobe, Kobe 1 Protro Undefeated Red Camo (Santa Monica), 237, 107.22
Kobe, Kobe 1 Protro Undefeated White, 848, 120.56
Kobe, Kobe 1 Protro Undefeated Yellow Camo (La Brea), 253, 331.11
Kobe, Kobe 1 Protro White Black Red, 402, -21.71
Kobe, Kobe 1 Sharpshooter, 1, 64.62
Kobe, Kobe 1 White Shark, 2, 19.23
Kobe, Kobe 10 5AM Flight, 25, -20.56
Kobe, Kobe 10 Blackout, 20, -19.44
Kobe, Kobe 10 Bright Crimson, 12, -41.11
Kobe, Kobe 10 EXT High Black, 2, -23.64
Kobe, Kobe 10 EXT White Gum, 3, -54.22
Kobe, Kobe 10 Easter (GS), --, 
Kobe, Kobe 10 Elite American, 18, -12
Kobe, Kobe 10 Elite Chester, 109, -29
Kobe, Kobe 10 Elite Christmas, 177, 6
Kobe, Kobe 10 Elite Commander, 26, -16.44
Kobe, Kobe 10 Elite Elite High Elevate, 16, 4.44
Kobe, Kobe 10 Elite Elite High Rose Gold Pack, 56, 12.89
Kobe, Kobe 10 Elite Elite High Team Pack, 47, -27.11
Kobe, Kobe 10 Elite Ext White Gum, --, 
Kobe, Kobe 10 Elite HTM Arrowhead, 13, -2.8
Kobe, Kobe 10 Elite HTM Arrowhead EU Exclusive, 1, 44
Kobe, Kobe 10 Elite HTM Oreo, 42, 5.2
Kobe, Kobe 10 Elite HTM Racecar, 18, 10.8
Kobe, Kobe 10 Elite HTM Shark Jaw, 23, 36.4
Kobe, Kobe 10 Elite Low Black Mamba Collection Fade to Black, 35, 13.5
Kobe, Kobe 10 Elite Low Drill Sergeant, 84, -37
Kobe, Kobe 10 Elite Low Opening Night, 43, -26
Kobe, Kobe 10 Elite Mambacurial, 141, -10.5
Kobe, Kobe 10 Elite Opening Night, 18, -22.67
Kobe, Kobe 10 Emerald City, 65, -47.78
Kobe, Kobe 10 Flight, 24, -32.22
Kobe, Kobe 10 Fundamentals, 36, 25.56
Kobe, Kobe 10 Hot Lava, 51, -43.89
Kobe, Kobe 10 Independence Day, 49, -23.33
Kobe, Kobe 10 Pain, 19, -23.89
Kobe, Kobe 10 Peach Jam, 91, -41.11
Kobe, Kobe 10 Silk Road, 10, -36.11
Kobe, Kobe 11 3D, 40, -10.62
Kobe, Kobe 11 Achilles Heel (GS), --, 
Kobe, Kobe 11 Alt Tumbled Grey, 2, -41
Kobe, Kobe 11 Aquamarine, --, 
Kobe, Kobe 11 Brave Blue, 41, -24
Kobe, Kobe 11 Carpe Diem, 35, -22.5
Kobe, Kobe 11 EM Low Barcelona, 75, -16.25
Kobe, Kobe 11 EM Low Black Cool Grey, 29, -20
Kobe, Kobe 11 EM Low Fundamental, 10, 15
Kobe, Kobe 11 EM Low Green Snake (GS), 10, -45.19
Kobe, Kobe 11 EM Low Invisibility Cloak, 48, -20.63
Kobe, Kobe 11 EM Low Mambacurial, 201, -25
Kobe, Kobe 11 EM Low Summer Pack, 33, 3.12
Kobe, Kobe 11 Elite Low 4KB, 103, 3.64
Kobe, Kobe 11 Elite Low 4KB Black Horse, 44, -22.73
Kobe, Kobe 11 Elite Low 4KB Pale Horse, 42, 9
Kobe, Kobe 11 Elite Low 4KB Red Horse, 100, 1.82
Kobe, Kobe 11 Elite Low Achilles Heel, 96, -5.5
Kobe, Kobe 11 Elite Low All Star (2016), 141, -14.55
Kobe, Kobe 11 Elite Low BHM (2016), 83, -12
Kobe, Kobe 11 Elite Low Black Mamba Collection Fade to Black, 100, 153
Kobe, Kobe 11 Elite Low Black Space, 60, -3.5
Kobe, Kobe 11 Elite Low Brazil, 5, -13.64
Kobe, Kobe 11 Elite Low Bruce Lee, 166, 4
Kobe, Kobe 11 Elite Low Easter, 35, -32
Kobe, Kobe 11 Elite Low Eulogy Hyper Grape, 89, -17
Kobe, Kobe 11 Elite Low FCB Mambacurial, 55, -18.64
Kobe, Kobe 11 Elite Low Last Emperor, 30, 12.5
Kobe, Kobe 11 Elite Low Mark Parker, 73, -23.5
Kobe, Kobe 11 Elite Low Master of Innovation, 88, -39.5
Kobe, Kobe 11 Elite Low Oreo, 63, -5
Kobe, Kobe 11 Elite Low Oreo (GS), 1, -33.33
Kobe, Kobe 11 Elite Low TV (GS), --, 
Kobe, Kobe 11 Elite Low Tinker, 133, -10.5
Kobe, Kobe 11 Elite Low USA, 57, -14.09
Kobe, Kobe 11 Grey Black, 3, -17.5
Kobe, Kobe 11 Low Draft Day, 88, -38.12
Kobe, Kobe 11 Low Mamba Day (Black), 133, -5.33
Kobe, Kobe 11 Lower Merion, 36, -25
Kobe, Kobe 11 Quai 54, 22, 30.32
Kobe, Kobe 11 Sunset, 61, -30.63
Kobe, Kobe 11 Team Bank Black, 37, -37.5
Kobe, Kobe 11 Team Bank Game Royal, --, 
Kobe, Kobe 11 Team Bank Gorge Green, 4, -31.87
Kobe, Kobe 11 Team Bank Midnight Navy, --, 
Kobe, Kobe 11 Team Bank University Red, --, 
Kobe, Kobe 11 Team Bank White, 1, -34.38
Kobe, Kobe 2 Black Mamba Collection Fade to Black, 31, 5
Kobe, Kobe 2 Prelude (4-50+ Points), 41, 63.5
Kobe, Kobe 3 Black Mamba Collection Fade to Black, 32, 14.5
Kobe, Kobe 3 Prelude (Misery), 41, 49
Kobe, Kobe 4 All Star, 6, 165
Kobe, Kobe 4 Black Mamba Collection Fade to Black, 45, 49
Kobe, Kobe 4 Black White Varsity Red, 10, 73.33
Kobe, Kobe 4 Carpe Diem, 10, 132.5
Kobe, Kobe 4 Del Sol, 7, 122.5
Kobe, Kobe 4 Gold Medal, 10, 130.83
Kobe, Kobe 4 Gradient Away, 8, 115
Kobe, Kobe 4 Gradient Home, 11, 109.17
Kobe, Kobe 4 Hornets, 13, 94.17
Kobe, Kobe 4 Inline, 7, 175
Kobe, Kobe 4 MLK Gold, 5, 103.33
Kobe, Kobe 4 MPLS, 10, 62.5
Kobe, Kobe 4 NBA Final MVP Away, 11, 172.5
Kobe, Kobe 4 NBA Final MVP Home, 7, 205
Kobe, Kobe 4 POP, 15, 91.67
Kobe, Kobe 4 Prelude (Finals MVP), 61, 107
Kobe, Kobe 4 USC Trojans, 1, 43.08
Kobe, Kobe 5 5 Rings, 8, 185.38
Kobe, Kobe 5 All Star, 10, 102.31
Kobe, Kobe 5 Aston Martin Pack, 1, 210
Kobe, Kobe 5 Big Stage Away, 7, 432.31
Kobe, Kobe 5 Big Stage Home, 7, 266.15
Kobe, Kobe 5 Black Mamba Collection Fade to Black, 40, 33
Kobe, Kobe 5 Blackout, 2, 29.23
Kobe, Kobe 5 Bruce Lee, 25, 317.69
Kobe, Kobe 5 Dark Knight, 15, 76.92
Kobe, Kobe 5 Draft Day, 7, 37.69
Kobe, Kobe 5 Joker (Chaos), 34, 142.31
Kobe, Kobe 5 Lower Merion Aces (Away), 5, 96.15
Kobe, Kobe 5 POP Away, 13, 68.46
Kobe, Kobe 5 Prelude (Finals MVP), 55, 133.5
Kobe, Kobe 5 USC Trojans, 2, 71.43
Kobe, Kobe 6 ASG East LA, 14, 94.07
Kobe, Kobe 6 ASG Hollywood 3D, 11, 81.48
Kobe, Kobe 6 ASG Orange County Sunset, 13, 110.37
Kobe, Kobe 6 ASG West Challenge Red, 19, 88.89
Kobe, Kobe 6 BHM (2011), 20, 102.31
Kobe, Kobe 6 Black Del Sol, 15, 97.69
Kobe, Kobe 6 Black Mamba Collection Fade to Black, 50, 35
Kobe, Kobe 6 Blue Camo, 11, 49.23
Kobe, Kobe 6 Bred, 4, 31.54
Kobe, Kobe 6 China 3D, 12, 108.46
Kobe, Kobe 6 Concord, 9, 61.54
Kobe, Kobe 6 Draft Day, 3, 73.85
Kobe, Kobe 6 FC Barcelona Home, 5, 358.46
Kobe, Kobe 6 FC Barcelona Mango, 1, 1015.38
Kobe, Kobe 6 Grey Black, --, 
Kobe, Kobe 6 Grinch, 53, 498.46
Kobe, Kobe 6 Helicopter, 15, 66.15
Kobe, Kobe 6 Imperial Purple, 8, 38.46
Kobe, Kobe 6 Italian Camo, 3, 101.54
Kobe, Kobe 6 Kay Yow Think Pink, 5, 179.23
Kobe, Kobe 6 Lakers Home, 4, 57.69
Kobe, Kobe 6 Lightbulb, 8, 73.85
Kobe, Kobe 6 Lower Merion Aces, 9, 84.62
Kobe, Kobe 6 Prelude (All Star MVP), 61, 96.5
Kobe, Kobe 6 Purple Gradient, --, 
Kobe, Kobe 6 Supreme Chaos, 26, 84.67
Kobe, Kobe 6 Supreme Rice, 21, 41.33
Kobe, Kobe 6 Team Bank Colorways, 3, 3.85
Kobe, Kobe 6 Urban Camo, 2, 30.77
Kobe, Kobe 7 Barcelona (Away), 4, 40
Kobe, Kobe 7 Barcelona (Home), 3, 203.57
Kobe, Kobe 7 Black History Month, 8, 32.86
Kobe, Kobe 7 Black Mamba Collection Fade to Black, 33, -1.5
Kobe, Kobe 7 Black White Del Sol, 19, 5.56
Kobe, Kobe 7 Black White Wolf Grey, 3, -2.86
Kobe, Kobe 7 Cheetah, 32, 13.57
Kobe, Kobe 7 Christmas (Leopard), 63, 43.33
Kobe, Kobe 7 Concord, --, 
Kobe, Kobe 7 Duke, 4, 11.43
Kobe, Kobe 7 Elite (Away), 21, 11.5
Kobe, Kobe 7 Elite (Home), 25, -13
Kobe, Kobe 7 Fireberry (London), 4, 10
Kobe, Kobe 7 Galaxy (GS), 2, 69.17
Kobe, Kobe 7 Galaxy AS, 58, 100.71
Kobe, Kobe 7 Gold Medal, 14, 43.57
Kobe, Kobe 7 Grey Cheetah, 3, 20
Kobe, Kobe 7 Invisibility Cloak, 45, 67.14
Kobe, Kobe 7 Lakers Home, 7, 13.57
Kobe, Kobe 7 Lower Merion Aces, 6, 10.71
Kobe, Kobe 7 Opening Day, 3, 10.71
Kobe, Kobe 7 Poison Dart Frog (Blue), 2, -17.14
Kobe, Kobe 7 Poison Dart Frog (GS), 1, -27.27
Kobe, Kobe 7 Poison Dart Frog (LAL), 17, 2.14
Kobe, Kobe 7 Poison Dart Frog (Mint), 33, 10.71
Kobe, Kobe 7 Prelude (London), 42, 44
Kobe, Kobe 7 Shark, 11, 22.86
Kobe, Kobe 7 Team Bank Black, --, 
Kobe, Kobe 7 Team Bank Gorge Green, --, 
Kobe, Kobe 7 Team Bank Gym Red, --, 
Kobe, Kobe 7 Team Bank Orange Blaze, --, 
Kobe, Kobe 7 USA Olympic, 5, 36.43
Kobe, Kobe 7 What the Kobe, 31, 140
Kobe, Kobe 7 Wolf, 5, 3.57
Kobe, Kobe 7 Year of the Dragon, 15, 43.33
Kobe, Kobe 7 Yin and Yang, 6, 52.14
Kobe, Kobe 8 Barcelona Tiger, 20, 44.29
Kobe, Kobe 8 Black Mamba Collection Fade to Black, 36, 28.5
Kobe, Kobe 8 Blue Blitz, 16, 63.57
Kobe, Kobe 8 Challenge Red, 22, 38.57
Kobe, Kobe 8 Christmas (2012), 84, 63.33
Kobe, Kobe 8 EXT Year of the Snake (Black), 27, 24
Kobe, Kobe 8 EXT Year of the Snake (Red), 32, 9.33
Kobe, Kobe 8 Easter, 95, 68.57
Kobe, Kobe 8 Elite Supehero, 56, 2
Kobe, Kobe 8 Elite+ Black Gold, 12, 30.45
Kobe, Kobe 8 GC Venice Beach, 52, 99.29
Kobe, Kobe 8 Graffiti, 13, 33.57
Kobe, Kobe 8 Graffiti (GS), --, 
Kobe, Kobe 8 Mambacurial, 55, 72.14
Kobe, Kobe 8 Milk Snake, 30, 80
Kobe, Kobe 8 Mine Grey, 11, 42.86
Kobe, Kobe 8 NSW Gorge Green, --, 
Kobe, Kobe 8 NSW Mexican Blanket, 6, -21.82
Kobe, Kobe 8 Pit Viper, 41, 40.71
Kobe, Kobe 8 Playoffs Purple Platinum, 51, 84.29
Kobe, Kobe 8 Prelude (Reflection), 43, 75.5
Kobe, Kobe 8 Python, 16, 45.71
Kobe, Kobe 8 SS Christmas (2013), 136, 18.75
Kobe, Kobe 8 SS Christmas 2013 (GS), 3, 11.3
Kobe, Kobe 8 Shanghai Fireworks, 1, 471.43
Kobe, Kobe 8 Sulfur - Electric, 20, 82.14
Kobe, Kobe 8 System Green Glow Laser Orange, 6, 52.86
Kobe, Kobe 8 System Philippines Black Silver, 2, 7.14
Kobe, Kobe 8 Volt, 10, 34.29
Kobe, Kobe 8 What the Kobe (WTK), 113, 255
Kobe, Kobe 8 Year of the Horse, 43, 8.75
Kobe, Kobe 8 Year of the Snake (Port), 34, 46.43
Kobe, Kobe 8+ All-Star Area 72, 81, 41.11
Kobe, Kobe 8+ Supernatural, 12, 7.5
Kobe, Kobe 9 EM Deep Garnet, 2, -26.25
Kobe, Kobe 9 EM Gym Blue University Gold, 6, -21.71
Kobe, Kobe 9 EM Low Brazil, 17, 2.5
Kobe, Kobe 9 EM Low Bruce Lee, 88, 25
Kobe, Kobe 9 EM Low China, 54, 7.22
Kobe, Kobe 9 EM Low Dusty Cactus, 10, -10.86
Kobe, Kobe 9 EM Low Easter, 70, -3.12
Kobe, Kobe 9 EM Low Hyper Cobalt, 16, 11.25
Kobe, Kobe 9 EM Low Indpendence Day, 19, 3.12
Kobe, Kobe 9 EM Low Metallic Silver, 1, -5.88
Kobe, Kobe 9 EM Low Peach Mango, 9, 8.13
Kobe, Kobe 9 EM Low Phillipines, 36, 9.44
Kobe, Kobe 9 EM Low Unleashed, 24, 0
Kobe, Kobe 9 EM XDR China, 4, -6.67
Kobe, Kobe 9 EXT Black Mamba, --, 
Kobe, Kobe 9 EXT High Snakeskin, 41, -34.4
Kobe, Kobe 9 EXT Mid Black Mamba, 26, -49.78
Kobe, Kobe 9 Elite Black History Month, 114, 26.4
Kobe, Kobe 9 Elite Black Mamba Collection Fade to Black, 54, 77.5
Kobe, Kobe 9 Elite Brave Blue, 24, 11.11
Kobe, Kobe 9 Elite Christmas (2014), 113, 36.44
Kobe, Kobe 9 Elite Detail, 90, 34.67
Kobe, Kobe 9 Elite GS Barbershop, --, 
Kobe, Kobe 9 Elite Gold Fundamentals, 56, 35.11
Kobe, Kobe 9 Elite Hero Draft Day Expression, 31, -3.56
Kobe, Kobe 9 Elite Influence, 35, 15.11
Kobe, Kobe 9 Elite Inspiration, 60, -4
Kobe, Kobe 9 Elite Lakers (GS), --, 
Kobe, Kobe 9 Elite Low Beethoven, 93, 62.5
Kobe, Kobe 9 Elite Low HTM Milan (All Colors), --, 
Kobe, Kobe 9 Elite Low Michael Jackson Moonwalker, 90, 14.5
Kobe, Kobe 9 Elite Low Multicolor (NikeID)(Black Tongue), 22, 4.9
Kobe, Kobe 9 Elite Low Multicolor (NikeID)(White Tongue), --, 
Kobe, Kobe 9 Elite Low University Red, 76, 5.5
Kobe, Kobe 9 Elite Masterpiece, 44, 63.18
Kobe, Kobe 9 Elite NOLA Gumbo League "Maestro", 169, 10.22
Kobe, Kobe 9 Elite Perspective, 76, -7.56
Kobe, Kobe 9 Elite Perspective (GS), 1, 0
Kobe, Kobe 9 Elite Premium Low HTM Milan Black, 1, 123.53
Kobe, Kobe 9 Elite Premium Low HTM Milan Black Multi-Color, 2, 224.41
Kobe, Kobe 9 Elite Premium Low HTM Milan Grey, --, 
Kobe, Kobe 9 Elite Premium Low HTM Milan White Multi-Color, 1, 458.82
Kobe, Kobe 9 Elite Premium QS Black, 1, 36.36
Kobe, Kobe 9 Elite Premium QS Volt, 1, 127.27
Kobe, Kobe 9 Elite Sequoia, 37, -27.11
Kobe, Kobe 9 Elite Team Showtime, 66, 12.89
Kobe, Kobe 9 Elite Victory Restored, 34, -18.22
Kobe, Kobe 9 Elite What the Kobe, 238, -2.18
Kobe, Kobe 9 High KRM EXT Black Mamba, 18, -26.91
Kobe, Kobe 9 KRM EXT High Red Mamba, 36, -34.55
Kobe, Kobe 9 NSW Year of the Horse, 2, 8.33
Kobe, Kobe A.D. Baseline White Court Purple, 44, -61.25
Kobe, Kobe A.D. Baseline White Gum, 2, -45
Kobe, Kobe A.D. Big Stage, 98, -17.5
Kobe, Kobe A.D. Black Gum, 286, -58.13
Kobe, Kobe A.D. Black History Month (2017), 3, 22.5
Kobe, Kobe A.D. Black Mamba, 66, 3.12
Kobe, Kobe A.D. Black White, 26, -25.62
Kobe, Kobe A.D. DeMar DeRozan Blue, 374, -58
Kobe, Kobe A.D. DeMar DeRozan Bred PE, 3, 34.67
Kobe, Kobe A.D. Derozan PE Compton, 39, 38.13
Kobe, Kobe A.D. Detached, 109, -33.75
Kobe, Kobe A.D. Fearless, 62, -35
Kobe, Kobe A.D. Flip the Switch, 119, -26.25
Kobe, Kobe A.D. Grey Snake, 33, -48.12
Kobe, Kobe A.D. Honesty, 131, -40
Kobe, Kobe A.D. Igloo, 96, -27.5
Kobe, Kobe A.D. Isaiah Thomas PE, 34, -38.67
Kobe, Kobe A.D. Lakers Black Mamba, 222, -43.75
Kobe, Kobe A.D. Light Bone, 59, -29.37
Kobe, Kobe A.D. Light Bone (GS), 9, -19.17
Kobe, Kobe A.D. Midnight Navy, 7, -17.5
Kobe, Kobe A.D. NCAA, 46, -28.67
Kobe, Kobe A.D. NXT Black White, 102, -37
Kobe, Kobe A.D. NXT Mambacurial, 142, -43.5
Kobe, Kobe A.D. NXT University Red, 173, -46
Kobe, Kobe A.D. NXT White Black, 186, -31.5
Kobe, Kobe A.D. NXT Wolf Grey, 70, -34
Kobe, Kobe A.D. Optimism, 36, -28.75
Kobe, Kobe A.D. Oregon, 52, -25.62
Kobe, Kobe A.D. Passion, 89, -39.38
Kobe, Kobe A.D. Pure Platinum, 82, -52.5
Kobe, Kobe A.D. Purple Stardust, 64, -15.62
Kobe, Kobe A.D. Rise, 109, -54.37
Kobe, Kobe A.D. TB Black, 2, -34.67
Kobe, Kobe A.D. TB Game Royal, 1, -46.67
Kobe, Kobe A.D. TB Gorge Green, 2, -48
Kobe, Kobe A.D. TB Midnight Navy, --, 
Kobe, Kobe A.D. TB University Red, 1, -53.33
Kobe, Kobe A.D. TB White Black, 3, -33.33
Kobe, Kobe A.D. TB Wolf Grey, --, 
Kobe, Kobe A.D. Time to Shine, --, 
Kobe, Kobe A.D. University Red, 69, -49.38
Kobe, Kobe A.D. White Black, 20, -1.88
Kobe, Kobe A.D. White Ice, 60, -20.67
Kobe, Kobe AD Black Purple, 34, 3.57
Kobe, Kobe AD Black Racer Blue, 14, -18.13
Kobe, Kobe AD Green Strike, 3, 5.71
Kobe, Kobe AD Lakers Amarillo, 11, 25
Kobe, Kobe AD Lakers Hyper Grape, 15, 16.43
Kobe, Kobe AD Midnight Navy, --, 
Kobe, Kobe AD Military Blue, --, 
Kobe, Kobe AD Moon Particle, 41, -1.43
Kobe, Kobe AD Orange Blaze, --, 
Kobe, Kobe AD Pacific Blue, 3, 6.43
Kobe, Kobe AD Promo University Gold, 3, -25.38
Kobe, Kobe AD Sail Multi-Color, 801, 35
Kobe, Kobe AD TB Purple, --, 
Kobe, Kobe AD TB University Blue, --, 
Kobe, Kobe AD White Black, 52, 23.57
Kobe, Kobe AD White Rush Blue, 1, -14.29
Kobe, Kobe Aston Martin Pack V-Hyperdunk, 11, 166.33
Kobe, Kobe NXT 360 Black Multi-Color, 965, 24.5
Kobe, Kobe NXT 360 Black Multi-Color 2.0, 71, -20.5
Kobe, Kobe NXT 360 Infrared, 272, -22
Kobe, Kobe NXT 360 Yellow Strike, 283, -23
Kobe, Kobe Venomenon 4 Glow-In-The-Dark, 5, -5
Kobe, Nike KB Mentality 2 Game Royal University Red, --, 
Kobe, Nike KB Mentality Black Metallic Gold Chilling Red, 11, -39.23
Kobe, Nike Kobe 4 Chaos Joker, 5, 327.5
Kobe, Nike Kobe 6 Metallic Silver Metallic Silver White, 1, 103.85
Kobe, Nike Kobe A.D. Devin Booker PE, 160, -11.33
Kobe, Nike Kobe Elite Low 4KB Liquid Lime, 105, -42.73
Kobe, Nike Kobe X Blackout Blackout (GS), --, 
Kobe, Nike Mamba Instinct Anthracite Black, 23, -57.69
Kobe, Nike Mamba Instinct Bred, 1, 1
Kobe, Nike Mamba Instinct Dark Grey, --, 
Kobe, Nike Mamba Instinct Pure Platinum, 1, -30
Kobe, Nike Mamba Rage Anthracite Aurora Green (GS), 2, 41.18
Kobe, Nike Mamba Rage Blue Nebula, --, 
Kobe, Nike Mamba Rage Lakers Away, --, 
Kobe, Nike Mamba Rage Pink Blast, 2, -25
Kobe, Nike Zoom Huarache 2K4 Black Mamba Collection Fade to Black, 24, -14.5
Kobe, Zoom Kobe 2 Carpe Diem, 1, -10
Kobe, Zoom Kobe 2 Lakers, --, 
Kobe, Zoom Kobe 4 Black White Royal Red, --, 
Kobe, Zoom Kobe Icon Black White, 1, -23.08
Kobe, Zoom Kobe Icon Metallic Gold, 1, -76.47
Kobe, Zoom Kobe Venomenon 4 Diffused Jade, --, 
Kobe, Zoom Kobe Venomenon 5 Black Metallic, --, 
Kobe, Kobe 1 Protro Purple Reign, 312, -20
Kobe, Kobe 1 Protro USA, 9, 32
Kobe, Kobe 10 All Star, 67, -16.5
Kobe, Kobe 10 Easter, 18, -19.44
Kobe, Kobe 10 Elite High What the, 184, -18.46
Kobe, Kobe 10 Radiant Emerald, 39, -38.33
Kobe, Kobe 10 Vino, 17, -29.44
Kobe, Kobe 2 ST USA, 2, 56.43
Kobe, Kobe 4 Four Rings, 7, 153.33
Kobe, Kobe 4 Rice High School PE Home, 1, 109.17
Kobe, Kobe 5 Lower Merion Aces Home, --, 
Kobe, Kobe 5 Prelude (Finals MVP) (GS), 24, 33.91
Kobe, Kobe 6 Dark Knight, 5, 62.31
Kobe, Kobe 6 Steelers, 3, 69.23
Kobe, Kobe 7 Team Bank Game Royal, --, 
Kobe, Kobe 8 Blue Glow, 17, 39.29
Kobe, Kobe 8 Pit Viper (GS), 1, 4.35
Kobe, Kobe 8 Sport Pack All-Star (2013), 12, -14.64
Kobe, Kobe 9 EM Low Laser Crimson, 29, 9.38
Kobe, Kobe 9 EM Low Silk, 20, -0.62
Kobe, Kobe A.D. Black White Gum, 64, -52.67
Kobe, Kobe A.D. NXT Volt, 31, -41
Kobe, Kobe A.D. Port Wine, 118, -54.67
Kobe, Kobe A.D. Ruthless Precision, 40, 6.25
Kobe, Kobe AD Black Multi-Color, 213, 14.29
Kobe, Kobe NXT 360 Multi-Color, 120, -12
Kobe, Kobe NXT 360 White Multi-Color, 164, -15.5
Kobe, Nike Mamba Rage Grinch, 181, 4
Kobe, Kobe 1 Protro Noise Cancelling Pack, --, 
Kobe, Kobe 1 Protro Undefeated Purple (F&F), 3, 
Kobe, Kobe 10 EXT Liquid Gold, 7, -52.44
Kobe, Kobe 11 Kentucky Away PE, --, 
Kobe, Kobe 11 Low Quai54 (Friends & Family), 2, 
Kobe, Kobe 11 Peach Jam PE, --, 
Kobe, Kobe 3 Prelude Misery (GS), 12, 
Kobe, Kobe 4 Rice High School PE Away, 2, 123.33
Kobe, Kobe 6 Prelude All-Star MVP (GS), 5, 
Kobe, Kobe 7 Christmas (GS), 2, 
Kobe, Kobe 7 Prelude (GS), 5, 
Kobe, Kobe 8 Black History Month, 33, 48.12
Kobe, Kobe A.D. PK80, 6, 
Kobe, Kobe 4 Lower Merion, 2, 
Kobe, Kobe 10 5AM Flight (GS), --, 
Kobe, Kobe 10 All Star (GS), --, 
Kobe, Kobe 10 High EXT White Gum, --, 
Kobe, Kobe 10 Mid EXT Black Metallic Gold, 5, 
Kobe, Kobe 2 Prelude (4-50+ Points) (GS), 2, 
Kobe, Kobe 5 Lakers, 8, 
Kobe, Kobe 8 Mine Grey (GS), --, 
Kobe, Kobe 8 Prelude Reflectiion (GS), 2, 
Kobe, Kobe 9 EM Deep Garnet (GS), --, 
Kobe, Kobe 9 Easter (GS), --, 
Kobe, Kobe 9 Elite Masterpiece (GS), 3, 
Kobe, Kobe 9 Elite Purple Venom (GS), 1, 
Kobe, Kobe 9 High EXT Black Mamba, --, 
Kobe, Kobe 9 Low Mamba Moment, --, 
Kobe, Kobe 9 Peach Jam, 2, 
Kobe, Nike KB Mentality Lakers (GS), --, 
Kobe, Nike KB Mentality White Metallic Gold Black, --, 
Kobe, Nike Kobe 1 MPLS, 4, 38.46
Kobe, Kobe 11 Elite GCR Great Career Recall, 12, 
Lebron, Air Zoom Generation Black White Retro, 469, 1.71
Lebron, Air Zoom Generation SVSM Retro, 1656, 22.86
Lebron, Air Zoom Generation Vachetta Tan, 68, -28
Lebron, Air Zoom Generation White Black Retro, 234, 27.43
Lebron, LeBron 11 Akron vs. Miami, 26, -51
Lebron, LeBron 11 All-Star (GS), 4, 35
Lebron, LeBron 11 Away, 52, -4.5
Lebron, LeBron 11 Black History Month, 76, -15
Lebron, LeBron 11 Black History Month (GS), 1, -14.29
Lebron, LeBron 11 Blackout, 14, -30
Lebron, LeBron 11 Christmas, 118, -23.5
Lebron, LeBron 11 Christmas (GS), 1, 17.86
Lebron, LeBron 11 Diffused Jade, 15, -51
Lebron, LeBron 11 Dunkman, 17, -52
Lebron, LeBron 11 EXT Blue Suede, 36, -37
Lebron, LeBron 11 EXT Denim, 33, -56
Lebron, LeBron 11 EXT Kings Crown, 57, -8.4
Lebron, LeBron 11 Elite Black Gold, 17, -16.73
Lebron, LeBron 11 Elite Hero, 45, -21.45
Lebron, LeBron 11 Elite Maison 3M Blue, 15, -25.08
Lebron, LeBron 11 Elite SE Metallic Gold, 52, -6.78
Lebron, LeBron 11 Elite Team, 30, -38.55
Lebron, LeBron 11 Everglades, 43, -24
Lebron, LeBron 11 Forging Iron, 27, -19
Lebron, LeBron 11 Gamma Blue, 24, -40
Lebron, LeBron 11 Graffiti, 58, -20
Lebron, LeBron 11 Independence Day, 26, -44.5
Lebron, LeBron 11 King's Pride, 113, -28
Lebron, LeBron 11 Knicks, 7, -42.5
Lebron, LeBron 11 Low Biscayne, 4, -48.24
Lebron, LeBron 11 Low Black Gum, 51, -2.86
Lebron, LeBron 11 Low China, 41, -7.89
Lebron, LeBron 11 Low Dunkman, 4, -52.94
Lebron, LeBron 11 Low Easter, 21, -28.82
Lebron, LeBron 11 Low Entourage (GS), --, 
Lebron, LeBron 11 Low Floridian, 8, -61.76
Lebron, LeBron 11 Low Independence Day, 6, -17.06
Lebron, LeBron 11 Low Laser Crimson, 1, -60.59
Lebron, LeBron 11 Low Magnet Grey, 5, -59.41
Lebron, LeBron 11 Low Maison Polka Dots, 11, -46.32
Lebron, LeBron 11 Low SE Multi-Color, 35, 20.53
Lebron, LeBron 11 Low Sprite, 21, -37.06
Lebron, LeBron 11 Low Turbo Green, 1, -12.35
Lebron, LeBron 11 Maison Luster Volt, 8, -57.73
Lebron, LeBron 11 Miami Nights, 75, -27.5
Lebron, LeBron 11 NBA 2K14, 69, 30
Lebron, LeBron 11 NOLA Gumbo League "Gator King", 307, -19.09
Lebron, LeBron 11 NSW Hazelnut, --, 
Lebron, LeBron 11 NSW King of Miami, --, 
Lebron, LeBron 11 NSW King of the Streets, --, 
Lebron, LeBron 11 NSW Leopard, --, 
Lebron, LeBron 11 NSW Lifestyle BHM (2014), --, 
Lebron, LeBron 11 NSW Miami Vice, --, 
Lebron, LeBron 11 NSW University Red, --, 
Lebron, LeBron 11 South Beach, 156, -32.5
Lebron, LeBron 11 South Beach (GS), --, 
Lebron, LeBron 11 Summit Lake Hornets, 30, -40.5
Lebron, LeBron 11 T-Rex (GS), 4, -56.43
Lebron, LeBron 11 Terracotta Warrior, 30, -45
Lebron, LeBron 11 What the LeBron, 522, 2.4
Lebron, LeBron 12 23 Chromosomes, 52, -41
Lebron, LeBron 12 Akron Birch, 24, -41.36
Lebron, LeBron 12 Akron Birch (GS), 1, -12.5
Lebron, LeBron 12 All Star Game, 43, -29.55
Lebron, LeBron 12 BHM 2015, 31, -19.09
Lebron, LeBron 12 Buckets (GS), --, 
Lebron, LeBron 12 Data, 34, -12
Lebron, LeBron 12 Double Helix, 31, -41.5
Lebron, LeBron 12 Dunk Force, 14, -38
Lebron, LeBron 12 EXT Cork, 80, -33.6
Lebron, LeBron 12 EXT King's Cloak, 39, -44.4
Lebron, LeBron 12 EXT Prism, 43, -19.6
Lebron, LeBron 12 EXT Rubber City, 40, -28.8
Lebron, LeBron 12 EXT Tennis Ball, 17, -47.6
Lebron, LeBron 12 EXT Wheat, 43, -42.91
Lebron, LeBron 12 Easter, 12, -45.5
Lebron, LeBron 12 Elite Elevate, 19, -50.91
Lebron, LeBron 12 Elite Rose Gold, 14, -37.82
Lebron, LeBron 12 Elite SP Pigalle, 28, -32.67
Lebron, LeBron 12 Elite Team, 23, -37.45
Lebron, LeBron 12 Flight, 8, -25
Lebron, LeBron 12 Fruity Pebbles (GS), 2, 1.76
Lebron, LeBron 12 Heart of a Lion, 52, -31
Lebron, LeBron 12 Independence Day, 31, -32
Lebron, LeBron 12 Instinct, 21, -31
Lebron, LeBron 12 Low Cavs Classic, --, 
Lebron, LeBron 12 Low Court Purple, 29, -52
Lebron, LeBron 12 Low Earned, 9, -28.57
Lebron, LeBron 12 Low Gone Fishing (GS), --, 
Lebron, LeBron 12 Low Hyper Cobalt, 6, -45.14
Lebron, LeBron 12 Low LeBronold Palmer PRM, 33, -54.5
Lebron, LeBron 12 Low LeBronold Palmer PRM EP, 55, -33
Lebron, LeBron 12 Low Remix, 23, -52.57
Lebron, LeBron 12 Low SVSM, 28, -41.14
Lebron, LeBron 12 Low University Red, 46, -35.43
Lebron, LeBron 12 NSRL, 50, -32.5
Lebron, LeBron 12 NSW Black Challenge Red, 7, -31.54
Lebron, LeBron 12 NSW Challenge Red, 1, -23.08
Lebron, LeBron 12 NSW Fireberry Denim, 2, -40
Lebron, LeBron 12 NSW Lights Out, 1, -61.54
Lebron, LeBron 12 NSW Lion's Mane, 2, -20
Lebron, LeBron 12 NSW White, --, 
Lebron, LeBron 12 Reptile (GS), --, 
Lebron, LeBron 12 Six Meridians, 17, -43.5
Lebron, LeBron 12 Superman (GS), --, 
Lebron, LeBron 12 Trillion Dollar Man, 20, -44.09
Lebron, LeBron 12 What If, 21, -26
Lebron, LeBron 12 What the LeBron, 166, 2.4
Lebron, LeBron 12 Witness, 40, -41
Lebron, LeBron 13 All-Star (2016), 46, -60
Lebron, LeBron 13 Away (GS), --, 
Lebron, LeBron 13 BHM (2016), 15, -54.5
Lebron, LeBron 13 Balance, 2, -58.5
Lebron, LeBron 13 Black Lion, 38, -53.5
Lebron, LeBron 13 Blue Lagoon, 6, -51
Lebron, LeBron 13 Bronze, 3, -60.5
Lebron, LeBron 13 Bronze (GS), --, 
Lebron, LeBron 13 Christmas, 29, -46.5
Lebron, LeBron 13 Christmas (GS), --, 
Lebron, LeBron 13 Doernbecher, 42, -23.5
Lebron, LeBron 13 Doernbecher (GS), 2, -31.25
Lebron, LeBron 13 EXT Luxbron, 9, -59.55
Lebron, LeBron 13 Easter, 14, -49
Lebron, LeBron 13 Elite Black, 2, -25.33
Lebron, LeBron 13 Elite Built For Battle, 30, -60
Lebron, LeBron 13 Elite Game Time, 5, -46
Lebron, LeBron 13 Elite Gold, 9, -36.36
Lebron, LeBron 13 Elite University Red, 7, -45.78
Lebron, LeBron 13 Friday the 13th, 70, -24.5
Lebron, LeBron 13 Lava, 27, -58
Lebron, LeBron 13 Low Anthracite Gum, 65, -50.67
Lebron, LeBron 13 Low Birds of Paradise, 5, -14.38
Lebron, LeBron 13 Low Black Red, 4, -46
Lebron, LeBron 13 Low Black Red White, --, 
Lebron, LeBron 13 Low Cavs, 13, -42
Lebron, LeBron 13 Low Cool Grey, 7, -31.33
Lebron, LeBron 13 Low Family Foundation, 40, 25.63
Lebron, LeBron 13 Low Metallic Silver, 8, -28.67
Lebron, LeBron 13 Low Olympic, 6, -5.33
Lebron, LeBron 13 Low Phantom, 6, -31.87
Lebron, LeBron 13 Low Team Red Gum, 28, -41.33
Lebron, LeBron 13 Low USA, 2, -38
Lebron, LeBron 13 Midnight Navy, 32, -58
Lebron, LeBron 13 On Court, 4, -59.5
Lebron, LeBron 13 Pot of Gold, 24, -57.5
Lebron, LeBron 14 Agimat, 41, -18.86
Lebron, LeBron 14 Agimat (Special Box), --, 
Lebron, LeBron 14 BHM (2017), 28, -27.43
Lebron, LeBron 14 Bred, 77, -44
Lebron, LeBron 14 Cocoa Beach (GS), 7, -38.57
Lebron, LeBron 14 Flip the Switch, 74, -46.29
Lebron, LeBron 14 Flip the Switch (GS), --, 
Lebron, LeBron 14 Low Dunkman, 18, -62
Lebron, LeBron 14 Low Light Bone, 33, -59.33
Lebron, LeBron 14 Low Mint Foam, 10, -49.33
Lebron, LeBron 14 Low Prism Pink, 3, -11.33
Lebron, LeBron 14 MAG, 86, -41.71
Lebron, LeBron 14 Mag (GS), --, 
Lebron, LeBron 14 Out of Nowhere, 28, 111.43
Lebron, LeBron 14 Red Carpet, 11, -37.14
Lebron, LeBron 14 Ric Flair (GS), 3, -45
Lebron, LeBron 14 Silver, 58, -61.71
Lebron, LeBron 14 The Undertaker (GS), 1, -42.86
Lebron, LeBron 14 Time to Shine, 4, -49.14
Lebron, LeBron 14 Ultimate Warrior (GS), 3, -34.29
Lebron, LeBron 14 University Red, 22, -41.71
Lebron, LeBron 14 University Red (GS), 3, -42.86
Lebron, LeBron 14 Wine, 24, -49.71
Lebron, LeBron 14 Zero Dark Thirty 23, 35, -44
Lebron, LeBron 15 Ashes, 391, -10.81
Lebron, LeBron 15 Ashes (GS), 3, -33.13
Lebron, LeBron 15 BHM (2018), 34, -48.12
Lebron, LeBron 15 Black Bright Crimson, 413, -31.89
Lebron, LeBron 15 Black Bright Crimson (GS), 79, -57.5
Lebron, LeBron 15 Black Gold, 556, 6.49
Lebron, LeBron 15 Black Gum, 128, 1.62
Lebron, LeBron 15 Black History Month (2018), 194, -14.05
Lebron, LeBron 15 Cereal, 919, 19.46
Lebron, LeBron 15 City Series, 262, -10.81
Lebron, LeBron 15 Diamond Turf (House of Hoops Special Box and Accessories), 8, 82.5
Lebron, LeBron 15 EP Black Gum, --, 
Lebron, LeBron 15 Fruity Pebbles (GS), 57, -22.5
Lebron, LeBron 15 Ghost, 288, 29.73
Lebron, LeBron 15 Ghost (GS), 26, -27.5
Lebron, LeBron 15 Graffiti, 464, -20.54
Lebron, LeBron 15 Graffiti (GS), 29, -36.43
Lebron, LeBron 15 Griffey, 760, 45
Lebron, LeBron 15 Griffey (House of Hoops Special Box and Accessories), 4, 122.5
Lebron, LeBron 15 Lifestyle KITH Concrete, 358, 0
Lebron, LeBron 15 Lifestyle KITH Stained Glass, 302, 56.52
Lebron, LeBron 15 Low Blackout, 102, -32
Lebron, LeBron 15 Low Melon, 107, -16.67
Lebron, LeBron 15 Low Signal Blue, 63, -27.33
Lebron, LeBron 15 Low Supernova, 63, 6
Lebron, LeBron 15 Low University Red, 117, -30
Lebron, LeBron 15 Multi-Color, 634, -19.46
Lebron, LeBron 15 Multi-Color (GS), 19, -40.62
Lebron, LeBron 15 Multi-Color (PS), 3, -17.78
Lebron, LeBron 15 New Heights, 387, -11.89
Lebron, LeBron 15 Orange Box, 753, 38.5
Lebron, LeBron 15 Orange Box (House of Hoops Special Box and Accessories), 7, 84.5
Lebron, LeBron 15 Performance KITH King's Cloak, 483, 116.08
Lebron, LeBron 15 Performance KITH Rose Gold, 258, 79
Lebron, LeBron 15 Performance KITH Suit of Armor, 305, 16.86
Lebron, LeBron 15 Pride of Ohio, 71, -12.43
Lebron, LeBron 15 Red Diamond Turf, 1489, 2.5
Lebron, LeBron 15 Rust Pink, 683, -2.16
Lebron, LeBron 15 Rust Pink (GS), 100, -44.38
Lebron, LeBron 15 Safety Orange (GS), 29, -39.38
Lebron, LeBron 15 Wine, --, 
Lebron, LeBron 16 1 Thru 5 (What The), 1954, 65
Lebron, LeBron 16 EP 1 Thru 5, --, 
Lebron, LeBron 16 EP I'm King, --, 
Lebron, LeBron 16 Equality 2019 (GS), 6, 0
Lebron, LeBron 16 Equality Away (2019), 235, -3.78
Lebron, LeBron 16 Equality Home (2019), 292, -4.32
Lebron, LeBron 16 Fresh Bred (GS), 26, -16.87
Lebron, LeBron 16 Fresh Bred (PS), --, 
Lebron, LeBron 16 Fresh Bred (TD), 1, -16.67
Lebron, LeBron 16 HFR (W), 706, 41.2
Lebron, LeBron 16 I Promise, 665, 14.05
Lebron, LeBron 16 I Promise (GS), 9, 3.12
Lebron, LeBron 16 I'm King (GS), 1, 12.5
Lebron, LeBron 16 King, 722, 16.76
Lebron, LeBron 16 King (GS), 26, -15.62
Lebron, LeBron 16 Little Big Cats (TD), 2, 15.38
Lebron, LeBron 16 Multi-Color, 205, -5.95
Lebron, LeBron 16 Oreo, 216, -8.65
Lebron, LeBron 16 Strive (GS), --, 
Lebron, LeBron 16 Strive (PS), --, 
Lebron, LeBron 16 Strive (TD), --, 
Lebron, LeBron 16 Superman (PS), 9, 11.58
Lebron, LeBron 16 Superman (TD), 5, 35
Lebron, LeBron 16 Superman SuperBron, 807, 7
Lebron, LeBron 3 Black Gold (2018), 474, 17.14
Lebron, LeBron 3 Christ The King (2018), 444, 64
Lebron, LeBron 3 Superman Red (2019), 102, 61.71
Lebron, LeBron Icon John Elliott White, 1321, 27.2
Lebron, LeBron Soldier 11 Cavs, 6, -32.31
Lebron, LeBron Soldier 11 Kay Yow, --, 
Lebron, LeBron Soldier 11 TB College Navy, --, 
Lebron, LeBron Soldier 11 TB Team Red, --, 
Lebron, LeBron Soldier 11 TB University Red, 1, -32.14
Lebron, LeBron Soldier 11 White Metallic Silver Black, 1, -35.71
Lebron, LeBron Soldier 12 SVSM Home (GS), 1, -22.73
Lebron, LeBron Solider 12 Flyease Black Battle Blue, --, 
Lebron, LeBron Witness 3 Bred, 1, 22.22
Lebron, LeBron X Celebration Pack, 16, 306.8
Lebron, LeBron X EXT Black Suede, 82, -26.4
Lebron, LeBron X EXT Denim, 112, -9.44
Lebron, LeBron X Elite Miami Dade, 24, -35.38
Lebron, LeBron X Elite Total Crimson, 35, -31.92
Lebron, LeBron X Elite+ White Gold, 33, 0.36
Lebron, LeBron X Low Akron Aeros, 7, -36.97
Lebron, LeBron X Low Black Total Crimson, --, 
Lebron, LeBron X Low Knicks HWC, 6, -35.15
Lebron, LeBron X Low LeBroncurial, 22, -45.45
Lebron, LeBron X Low Reptile, 29, -16.36
Lebron, LeBron X Low Sprite, 6, -46.06
Lebron, LeBron X Low USA, 1, 0
Lebron, LeBron X Low Watermelon, 16, -34.55
Lebron, LeBron X NSW Black Sail, 2, -13.08
Lebron, LeBron X NSW Dark Olive, --, 
Lebron, LeBron X NSW Hazelnut, --, 
Lebron, LeBron X NSW Night Stadium, 2, -36.15
Lebron, LeBron X Re-Entry, 174, 4.44
Lebron, LeBron X What the MVP, 14, 762.5
Lebron, LeBron Zoom Soldier 1 Think 16 (25 Straight), 1108, 12
Lebron, LeBron Zoom Soldier 10 Black Gold (Nike iD), 69, -12.22
Lebron, LeBron Zoom Soldier 10 Black Gum, 36, -15.71
Lebron, LeBron Zoom Soldier 10 Black Red, 10, -12.31
Lebron, LeBron Zoom Soldier 10 Black Royal, 10, -24.67
Lebron, LeBron Zoom Soldier 10 Black Space, 6, 30
Lebron, LeBron Zoom Soldier 10 Black Uni Gold, 16, -29.23
Lebron, LeBron Zoom Soldier 10 Black University Red, 8, -19.33
Lebron, LeBron Zoom Soldier 10 Black White, 5, -20
Lebron, LeBron Zoom Soldier 10 Christ the King, 4, 2.31
Lebron, LeBron Zoom Soldier 10 Cosmic, --, 
Lebron, LeBron Zoom Soldier 10 Court Purple, 2, -12.14
Lebron, LeBron Zoom Soldier 10 Dunkman, 5, 5.71
Lebron, LeBron Zoom Soldier 10 Gold Medal, 11, 43.57
Lebron, LeBron Zoom Soldier 10 Hyper Cobalt, 4, 2.14
Lebron, LeBron Zoom Soldier 10 John Elliot, 4, -9.5
Lebron, LeBron Zoom Soldier 10 Midnight Navy, 6, -27.14
Lebron, LeBron Zoom Soldier 10 NYC SOHO Exclusive, 1, -20
Lebron, LeBron Zoom Soldier 10 SFG Camo, 14, -20
Lebron, LeBron Zoom Soldier 10 Strive For Greatness, 2, -20.71
Lebron, LeBron Zoom Soldier 10 Team Bank Black, --, 
Lebron, LeBron Zoom Soldier 10 Team Bank Game Royal, --, 
Lebron, LeBron Zoom Soldier 10 Team Bank University Red, --, 
Lebron, LeBron Zoom Soldier 10 Team Bank White, 2, -19.23
Lebron, LeBron Zoom Soldier 10 Think Pink, 4, 7.69
Lebron, LeBron Zoom Soldier 10 Un-Cleated, 6, -11.43
Lebron, LeBron Zoom Soldier 10 Unlimited, 9, -15
Lebron, LeBron Zoom Soldier 10 White Midnight Navy, 1, -46.43
Lebron, LeBron Zoom Soldier 11 Black Gum, 16, -21.54
Lebron, LeBron Zoom Soldier 11 Black Sail, 8, -49.29
Lebron, LeBron Zoom Soldier 11 Burgundy, 41, -37.14
Lebron, LeBron Zoom Soldier 11 Camo, 71, -45.71
Lebron, LeBron Zoom Soldier 11 Cleat Ohio State PE, 5, 38.86
Lebron, LeBron Zoom Soldier 11 College Navy, 3, -34.62
Lebron, LeBron Zoom Soldier 11 Court General, 29, -26.92
Lebron, LeBron Zoom Soldier 11 Glacier Grey, 23, -32.31
Lebron, LeBron Zoom Soldier 11 Grey Gum, 1, -42.86
Lebron, LeBron Zoom Soldier 11 Olive Camo, 33, -46.43
Lebron, LeBron Zoom Soldier 11 Prototype, 24, -7.14
Lebron, LeBron Zoom Soldier 11 Safari (GS), 4, -43.33
Lebron, LeBron Zoom Soldier 11 Triple White (GS), 1, -36.36
Lebron, LeBron Zoom Soldier 11 Ultramarine, 52, -54.29
Lebron, LeBron Zoom Soldier 11 Ultramarine (GS), --, 
Lebron, LeBron Zoom Soldier 11 University Red White, 14, -36.15
Lebron, LeBron Zoom Soldier 11 Wheat, 67, -42.86
Lebron, LeBron Zoom Soldier 12 25 Straight, 6, -22.14
Lebron, LeBron Zoom Soldier 12 Agimat, --, 
Lebron, LeBron Zoom Soldier 12 Air Raid, --, 
Lebron, LeBron Zoom Soldier 12 Black Red, 11, -30
Lebron, LeBron Zoom Soldier 12 Blackened Blue, 6, -41.43
Lebron, LeBron Zoom Soldier 12 Bred, 28, -47.14
Lebron, LeBron Zoom Soldier 12 Camo, 13, -24.29
Lebron, LeBron Zoom Soldier 12 Dark 23, 53, 7.14
Lebron, LeBron Zoom Soldier 12 SVSM Home, 11, -25
Lebron, LeBron Zoom Soldier 7 Deep Royal Blue, 3, -50.77
Lebron, LeBron Zoom Soldier 7 King's Pride, --, 
Lebron, LeBron Zoom Soldier 8 Flyease Cavs, --, 
Lebron, LeBron Zoom Soldier 9 Blue Lagoon, 1, -15.38
Lebron, LeBron Zoom Soldier 9 Oregon, 14, -32.86
Lebron, LeBron Zoom Soldier 9 Red Champ (GS), --, 
Lebron, LeBron Zoom Witness Wolf Grey Star Blue, --, 
Lebron, Lebron 15 Mowabb, 464, 8
Lebron, Nike LeBron 13 Akronite, 26, -37.5
Lebron, Nike LeBron 13 NSW White Rubber City, --, 
Lebron, Nike LeBron 13 Opening Night, 10, -52.5
Lebron, Nike LeBron 13 Written In the Stars, 31, -58.5
Lebron, Nike LeBron Zoom 2 Midnight Navy, 19, 100
Lebron, Nike LeBron Zoom Soldier 10 Flyease Black Gum, --, 
Lebron, Nike LeBron Zoom Soldier 10 Lux Cargo Khaki, 5, -39.29
Lebron, Nike LeBron Zoom Soldier 10 Pinnacle White Black, 3, 10.71
Lebron, Nike LeBron Zoom Soldier 11 Black Gold, 24, -33.57
Lebron, Nike LeBron Zoom Soldier 11 Cool Grey, 34, -43.57
Lebron, Nike LeBron Zoom Soldier 11 Silver Bullet, 51, -35.71
Lebron, Nike LeBron Zoom Soldier 8 TB White Black, --, 
Lebron, Nike LeBron Zoom Soldier 8 Watch the Throne, 2, -22.22
Lebron, Nike LeBron Zoom Soldier 9 Think Pink, 10, -23.08
Lebron, Nike Zoom Witness Pale Grey, 7, -46
Lebron, Nike Zoom Witness White Metallic Gold Black, 1, -15
Lebron, Zoom Soldier 8 Cave Purple, --, 
Lebron, Air Zoom Generation Black White Crimson, 4, 124.55
Lebron, Air Zoom Generation USA, 3, 36.36
Lebron, Air Zoom Generation Wheat (All-Star), 16, 71.82
Lebron, Air Zoom Generation White Black, 12, 111.82
Lebron, Air Zoom Generation White Metallic Silver, 1, 127.27
Lebron, Air Zoom Generation White Varsity Crimson, 8, 134.55
Lebron, Air Zoom Generation White Varsity Royal, --, 
Lebron, LeBron 2 Birthday, 5, 39.5
Lebron, LeBron 2 Cool Grey, 21, 84
Lebron, LeBron 20-5-5 Black-Varsity Red, 7, 90.4
Lebron, LeBron 20-5-5 China, --, 
Lebron, LeBron 20-5-5 Four Horsemen, --, 
Lebron, LeBron 20-5-5 Hong Kong, --, 
Lebron, LeBron 20-5-5 Japan, --, 
Lebron, LeBron 20-5-5 Ohio State, 1, 92
Lebron, LeBron 20-5-5 Olympic, 3, 101.6
Lebron, LeBron 20-5-5 White Metallic Silver Black, 3, 92
Lebron, LeBron 20-5-5 White Midnight Navy Varsity Red, 3, 100
Lebron, LeBron 3 Black Crimson, 8, 144
Lebron, LeBron 3 Kid, --, 
Lebron, LeBron 3 Low Baroque Brown, --, 
Lebron, LeBron 3 Midnight Navy, 5, 60
Lebron, LeBron 3 West Coast, 5, 130.4
Lebron, LeBron 4 All-Star Game, 13, 206.67
Lebron, LeBron 4 Birthday, 14, 180
Lebron, LeBron 4 Black Crimson, 6, 56
Lebron, LeBron 4 Black White Red, 17, 124
Lebron, LeBron 4 China, 3, 177.6
Lebron, LeBron 4 Fruity Pebbles, 1, 
Lebron, LeBron 4 Graffiti NYC, 3, 
Lebron, LeBron 4 Home PE, --, 
Lebron, LeBron 4 Playoffs, 6, 102.4
Lebron, LeBron 4 West Coast, 19, 93.6
Lebron, LeBron 4 White Chrome, 10, 50.4
Lebron, LeBron 5 All Star Game, 10, 79.33
Lebron, LeBron 5 Black Army Olive, --, 
Lebron, LeBron 5 Black Crimson Black, 4, 32.14
Lebron, LeBron 5 Black Crimson Metallic Gold, 4, 2.86
Lebron, LeBron 5 China Edition, 6, 86.43
Lebron, LeBron 5 Christ the King Away Suede, --, 
Lebron, LeBron 5 Christ the King Home, --, 
Lebron, LeBron 5 Dunkman, 1, 28.57
Lebron, LeBron 5 Low All Black, --, 
Lebron, LeBron 5 Low Black Mean Green, --, 
Lebron, LeBron 5 Low Dunkman, --, 
Lebron, LeBron 5 Low Navy Crimson White, --, 
Lebron, LeBron 5 Low Stealth University Blue, --, 
Lebron, LeBron 5 Low White Metallic Silver, --, 
Lebron, LeBron 5 Low White Univeristy Blue, --, 
Lebron, LeBron 5 Mr. Basketball, 1, 247.14
Lebron, LeBron 5 Ohio State, 1, 96.43
Lebron, LeBron 5 St. Vincent-St. Mary, 1, 150
Lebron, LeBron 5 White Crimson Metallic Gold, 2, 27.86
Lebron, LeBron 5 White Navy Metallic Gold, 4, 47.14
Lebron, LeBron 5 Yankees, 5, 144.29
Lebron, LeBron 6 Akron, 1, 399.29
Lebron, LeBron 6 All-Star Game, 1, 150
Lebron, LeBron 6 Athlete, --, 
Lebron, LeBron 6 Big Apple, 1, 223.57
Lebron, LeBron 6 Blackout, 5, 64.29
Lebron, LeBron 6 Bred, 14, 63.57
Lebron, LeBron 6 Business, --, 
Lebron, LeBron 6 Chalk, 12, 72.14
Lebron, LeBron 6 Christ the King, 3, 92.86
Lebron, LeBron 6 Hardwood Classic 1, 4, 139.29
Lebron, LeBron 6 Kid, --, 
Lebron, LeBron 6 Los Angeles, 7, 83.57
Lebron, LeBron 6 Low All Black, --, 
Lebron, LeBron 6 Low Carbon, --, 
Lebron, LeBron 6 Low Dunkman, --, 
Lebron, LeBron 6 Low Safari, --, 
Lebron, LeBron 6 Low St. Vincent St. Mary, --, 
Lebron, LeBron 6 Low White Baltic Blue, 1, 121.11
Lebron, LeBron 6 Low White Black, --, 
Lebron, LeBron 6 Low White Midnight Navy, --, 
Lebron, LeBron 6 Low White Varisty Red, --, 
Lebron, LeBron 6 MVP, 3, 282.14
Lebron, LeBron 6 Miami, 5, 170
Lebron, LeBron 6 St. Vincent St. Mary, 3, 130
Lebron, LeBron 6 Summit Lake Hornets, 3, 17.14
Lebron, LeBron 6 Superman, 3, 245
Lebron, LeBron 6 Taxi, 5, 114.29
Lebron, LeBron 6 United We Rise, 6, 94.29
Lebron, LeBron 6 Wise, 2, 160.71
Lebron, LeBron 6 Witness Gold, 1, 203.57
Lebron, LeBron 7 All-Star Chlorine Blue, 20, 150
Lebron, LeBron 7 Black-White-Metallic Gold, 13, 97.86
Lebron, LeBron 7 China Moon, 8, 228.57
Lebron, LeBron 7 Christ the King (CTK), 12, 237.14
Lebron, LeBron 7 Christmas, 15, 87.14
Lebron, LeBron 7 Cool Grey, 12, 60.71
Lebron, LeBron 7 Dunkman, 35, 92.14
Lebron, LeBron 7 Eastbay TB Red, 1, 107.14
Lebron, LeBron 7 Eastbay TB Royal, 2, 97.14
Lebron, LeBron 7 Low Dunkman, 2, 66.43
Lebron, LeBron 7 Low White Metallic Gold, 2, 71.43
Lebron, LeBron 7 MTAG Akron, --, 
Lebron, LeBron 7 MTAG Beijing, --, 
Lebron, LeBron 7 MTAG Chicago, 2, 112.5
Lebron, LeBron 7 MTAG London, 2, 140.5
Lebron, LeBron 7 MTAG Los Angeles, 1, 100
Lebron, LeBron 7 MTAG New York City, 1, 75
Lebron, LeBron 7 MTAG Paris, --, 
Lebron, LeBron 7 MTAG Shanghai, --, 
Lebron, LeBron 7 MTAG Shengyang, --, 
Lebron, LeBron 7 MTAG Washington DC, --, 
Lebron, LeBron 7 NFW (No Flywire), 11, 47.86
Lebron, LeBron 7 PS MVP (NFW), 10, 491.25
Lebron, LeBron 7 PS P.S. Bred, 8, 64.83
Lebron, LeBron 7 PS P.S. White-Navy, 1, 13.79
Lebron, LeBron 7 Phantom, 6, 117.14
Lebron, LeBron 7 Red Carpet, 16, 195.71
Lebron, LeBron 7 University of Akron, 8, 156.43
Lebron, LeBron 7 White-Black-Varsity Red, 11, 64.29
Lebron, LeBron 7 White-Midnight Navy, 4, 81.43
Lebron, LeBron 8 112 Pack (Clark Kent), --, 
Lebron, LeBron 8 Black-White-Red, 16, 37.5
Lebron, LeBron 8 Blackout, 3, 46.88
Lebron, LeBron 8 China, 8, 76.25
Lebron, LeBron 8 Cool Grey, 9, 41.25
Lebron, LeBron 8 Home, 10, 12.5
Lebron, LeBron 8 James Dean Denim, 1, 
Lebron, LeBron 8 Low Triple Black, 1, 49.33
Lebron, LeBron 8 PS Dunkman, 7, -3.33
Lebron, LeBron 8 PS Home, 2, 20
Lebron, LeBron 8 PS NBA Finals, 8, 63.33
Lebron, LeBron 8 PS Royal-Black, 5, -28.67
Lebron, LeBron 8 PS White-Black-Red, 10, -18.67
Lebron, LeBron 8 South Beach (Pre-Heat), 75, 371.25
Lebron, LeBron 8 Un-China, 2, 3.75
Lebron, LeBron 8 V-2 All-Star Blue, 19, 58.79
Lebron, LeBron 8 V-2 Christmas, 20, 90
Lebron, LeBron 8 V-2 Christmas (GS), 1, 90.91
Lebron, LeBron 8 V-2 Entourage, 45, 17.5
Lebron, LeBron 8 V-2 Low Miami Nights, 8, 570
Lebron, LeBron 8 V-2 Low Solar Red, 27, 108
Lebron, LeBron 8 V-2 Low Sprite, 41, 47.33
Lebron, LeBron 8 V-2 Spark (GS), --, 
Lebron, LeBron 8 V-2 Summit Lake Hornets, 8, 16.25
Lebron, LeBron 8 V-2 Yankees, 4, 46.88
Lebron, LeBron 8 Veterans Day, 3, 10.62
Lebron, LeBron 9 Big Bang AS, 85, 91.76
Lebron, LeBron 9 Black History Month, 10, 4.71
Lebron, LeBron 9 Cannon, 45, 14.71
Lebron, LeBron 9 China (YOTD), 56, 30.59
Lebron, LeBron 9 Christmas, 51, 16.47
Lebron, LeBron 9 Cool Grey, 12, 1.18
Lebron, LeBron 9 Dunkman, 28, -8.82
Lebron, LeBron 9 Elite Big Bang Sample, --, 
Lebron, LeBron 9 Elite Cannon Sample, --, 
Lebron, LeBron 9 Elite China Sample, --, 
Lebron, LeBron 9 Elite Volt Sample, --, 
Lebron, LeBron 9 Freegums, 35, 18.24
Lebron, LeBron 9 Kentucky, 8, 2.94
Lebron, LeBron 9 Low Cherry, 2, -30
Lebron, LeBron 9 Low Cyber, 10, -34
Lebron, LeBron 9 Low Easter, 16, -16.67
Lebron, LeBron 9 Low Entourage, 1, -10
Lebron, LeBron 9 Low Fireberry, 12, -18.67
Lebron, LeBron 9 Low Floridians, 14, 22
Lebron, LeBron 9 Low Liverpool, 18, -6.67
Lebron, LeBron 9 Low Summit Lake Hornets, 16, -12
Lebron, LeBron 9 Low USA Olympic, 7, 17.33
Lebron, LeBron 9 Low War Vet, --, 
Lebron, LeBron 9 Mango, 37, 18.24
Lebron, LeBron 9 Miami Heat Away, 3, -18.24
Lebron, LeBron 9 Miami Heat Home, --, 
Lebron, LeBron 9 Miami Hurricanes, 20, 42.35
Lebron, LeBron 9 Miami Nights, 30, 29.41
Lebron, LeBron 9 Ohio State, 1, -5.88
Lebron, LeBron 9 PS Elite Away, 31, -26.4
Lebron, LeBron 9 PS Elite Home, 30, -16
Lebron, LeBron 9 PS Elite South Beach, 181, 36.8
Lebron, LeBron 9 PS Elite Taxi, 38, -16.8
Lebron, LeBron 9 Summit Lake Hornets (GS), --, 
Lebron, LeBron 9 Swingman, 31, -1.76
Lebron, LeBron 9 Triple Black, 7, -9.41
Lebron, LeBron 9 Watch the Throne (With Lacelock), --, 
Lebron, LeBron 9 What the LeBron, --, 
Lebron, LeBron Low 5 Remix, --, 
Lebron, LeBron X All-Star Area 72, 119, -4.5
Lebron, LeBron X All-Star Area 72 (GS), 1, -35.71
Lebron, LeBron X Away, 1, 5.56
Lebron, LeBron X Black History Month, 22, -1.5
Lebron, LeBron X Canary, 6, -21.67
Lebron, LeBron X Carbon, 25, -5
Lebron, LeBron X Christmas, 62, -3.89
Lebron, LeBron X Cutting Jade, 91, -15.56
Lebron, LeBron X Dunkman, 13, -37.22
Lebron, LeBron X EXT Cork, 96, 52.4
Lebron, LeBron X Elite Peach Jam, 2, 
Lebron, LeBron X Floridian, 24, -18.89
Lebron, LeBron X Home, 17, 6.11
Lebron, LeBron X Lava, 16, -0.56
Lebron, LeBron X Low Easter, 15, -41.21
Lebron, LeBron X Prism, 26, 12.22
Lebron, LeBron X SP Crown Jewel Fireberry, 8, 99.26
Lebron, LeBron X SP Gold Medal, 19, 27.78
Lebron, LeBron X Setting, 31, -18.33
Lebron, LeBron X Volt, 47, -20
Lebron, LeBron X+ Blue Diamond, 26, -9.5
Lebron, LeBron X+ Pressure, 9, 7
Lebron, LeBron Zoom Soldier 1 Dunkman, --, 
Lebron, LeBron Zoom Soldier 3 Midnight Navy, --, 
Lebron, LeBron Zoom Soldier 6 Wolf Grey Game Royal, 1, -41.67
Lebron, LeBron Zoom Solider 3 POP, --, 
Lebron, Nike LeBron 9 Low Bred, 2, 6.67
Lebron, Nike LeBron Zoom 2 Black Crimson, 22, 84.8
Lebron, Nike LeBron Zoom Soldier 2 SVSM Away, --, 
Lebron, Nike Zoom Soldier 4 SVSM, --, 
Lebron, Zoom LeBron III White-Black-Varsity Crimson, 12, 115.2
Lebron, Zoom Soldier II China, --, 
Lebron, Zoom Soldier II Christ the King Away, --, 
Lebron, Zoom Soldier II Christ the King Home, --, 
Lebron, Zoom Soldier II Dunkman, --, 
Lebron, Zoom Soldier II Friendlies, --, 
Lebron, Zoom Soldier II OSU Away, --, 
Lebron, Zoom Soldier II OSU Home, --, 
Lebron, Zoom Soldier II Playoffs, 1, 100
Lebron, Zoom Soldier II Remix, --, 
Lebron, Zoom Soldier II SVSM Away, --, 
Lebron, Zoom Soldier II Skills Academy, --, 
Lebron, Zoom Soldier II Stealth, --, 
Lebron, Zoom Soldier II Summit Lake Hornets, --, 
Lebron, Zoom Soldier II Team Bank Black Blue, --, 
Lebron, Zoom Soldier II Team Bank Black Orange, --, 
Lebron, Zoom Soldier II Team Bank Black Red, --, 
Lebron, Zoom Soldier II Team Bank Black Silver, --, 
Lebron, Zoom Soldier II Team Bank Green White, 1, -15.2
Lebron, Zoom Soldier II Team Bank Red White, --, 
Lebron, Zoom Soldier II Team Bank Royal White, --, 
Lebron, Zoom Soldier II Team Bank White Black, --, 
Lebron, Zoom Soldier II Team Bank White Blue, --, 
Lebron, Zoom Soldier II Team Bank White Grey, --, 
Lebron, Zoom Soldier II Team Bank White Orange, --, 
Lebron, Zoom Soldier II Team Bank White Purple, --, 
Lebron, Zoom Soldier II Team Bank White Red, --, 
Lebron, Zoom Soldier II Team Bank White Royal, --, 
Lebron, Zoom Soldier II United We Rise, 2, 42.4
Lebron, Zoom Soldier II White Navy Silver, --, 
Lebron, Zoom Soldier III Army Camo, 1, 140
Lebron, Zoom Soldier III Asia XDR, --, 
Lebron, Zoom Soldier III Black Aqua, 2, 4
Lebron, Zoom Soldier III Black White Red, 2, 70.4
Lebron, Zoom Soldier III Christ the King Home, 1, 108
Lebron, Zoom Soldier III Cool Grey, --, 
Lebron, Zoom Soldier III Dunkman, 2, 4
Lebron, Zoom Soldier III Finals, 1, 36
Lebron, Zoom Soldier III OSU Home, --, 
Lebron, Zoom Soldier III Playoffs, 2, -20
Lebron, Zoom Soldier III Stealth, --, 
Lebron, Zoom Soldier III Team Bank Black Blue, --, 
Lebron, Zoom Soldier III Team Bank Black Orange, --, 
Lebron, Zoom Soldier III Team Bank Black Red, --, 
Lebron, Zoom Soldier III Team Bank Black Silver, --, 
Lebron, Zoom Soldier III Team Bank University Blue, --, 
Lebron, Zoom Soldier III Team Bank White Black, --, 
Lebron, Zoom Soldier III Team Bank White Crimson, --, 
Lebron, Zoom Soldier III Team Bank White Green, --, 
Lebron, Zoom Soldier III Team Bank White Navy, --, 
Lebron, Zoom Soldier III Team Bank White Orange, --, 
Lebron, Zoom Soldier III Team Bank White Purple, --, 
Lebron, Zoom Soldier III Team Bank White Red, --, 
Lebron, Zoom Soldier III Team Bank White Royal, --, 
Lebron, Zoom Soldier III Team Bank White Silver, --, 
Lebron, Zoom Soldier III Think Pink, 3, 137.6
Lebron, Zoom Soldier III White Midnight Navy, 1, 0
Lebron, Zoom Solider 6 University Red Black Wolf Grey, --, 
Lebron, Zoom Solider II White Navy Red, 1, 24
Lebron, Air Zoom Generation First Game, 16, 261
Lebron, Air Zoom Generation First Game (2017), 19, 184.57
Lebron, Air Zoom Generation Wheat Retro, 507, -26.22
Lebron, LeBron 12 Flight (GS), --, 
Lebron, LeBron 12 Gamer (GS), --, 
Lebron, LeBron 12 Low Entourage, 6, -44
Lebron, LeBron 12 NSW Letter of Intent, --, 
Lebron, LeBron 13 Command Force, 2, -40.5
Lebron, LeBron 13 Fruity Pebbles (GS), 2, -21.21
Lebron, LeBron 13 Low Stealth, 10, -19.33
Lebron, LeBron 14 Low White Ice, 106, -52.67
Lebron, LeBron 15 Air Max 95, 616, 23
Lebron, LeBron 15 Diamond Turf, 651, 33.5
Lebron, LeBron 15 Hardwood Classics, 263, -19.46
Lebron, LeBron 15 Lifestyle KITH City of Angels, 201, 23.86
Lebron, LeBron 15 Low Ashes, 354, -24.67
Lebron, LeBron 15 Low Black Gold, 245, -26
Lebron, LeBron 15 Low Light Bone, 111, -18
Lebron, LeBron 15 Low Team Red, 39, -24
Lebron, LeBron 15 Low White Metallic Silver, 199, -16
Lebron, LeBron 15 Mowabb (House of Hoops Special Box and Accessories), 2, 59
Lebron, LeBron 16 EP Oreo, --, 
Lebron, LeBron 16 Fresh Bred, 901, -12.43
Lebron, LeBron 16 I'm King, 173, -4.86
Lebron, LeBron 16 I'm King (PS), --, 
Lebron, LeBron 16 I'm King (TD), --, 
Lebron, LeBron 20-5-5 Black Medium Grey, --, 
Lebron, LeBron 20-5-5 White Black Varsity Maize, 1, 59.2
Lebron, LeBron 3 White Navy (2018), 115, 26.29
Lebron, LeBron 4 East Coast Blackout, 7, 84
Lebron, LeBron 5 Gorge Green Metallic Gold, 7, 73.57
Lebron, LeBron 6 Graffiti, 5, 32.14
Lebron, LeBron 6 Low All White, --, 
Lebron, LeBron 6 Ohio State, 13, 78.57
Lebron, LeBron 6 Yankees, 2, 78.57
Lebron, LeBron 7 Eastbay TB Orange, --, 
Lebron, LeBron 7 PS P.S. POP, 13, 64.14
Lebron, LeBron 7 PS P.S. Summit Lake Hornets, 2, 5.52
Lebron, LeBron 8 Low Wolf Grey, 9, 2.67
Lebron, LeBron 9 Summit Lake Hornets, 77, 1.18
Lebron, LeBron Soldier 11 Flyease Bred, --, 
Lebron, LeBron Soldier 11 TB Midnight Navy, --, 
Lebron, LeBron Witness 2 College Navy Team Red, --, 
Lebron, LeBron X EXT Hazelnut, 100, -30.8
Lebron, LeBron X Elite Superhero, 37, -29.23
Lebron, LeBron X Low Ohio State, 1, -33.94
Lebron, LeBron X Low Sonic Yellow, 5, -35.76
Lebron, LeBron Zoom Soldier 10 Battle Grey, 6, -25
Lebron, LeBron Zoom Soldier 10 Black Toe, 20, -25.71
Lebron, LeBron Zoom Soldier 10 Cool Grey, 3, -57.69
Lebron, LeBron Zoom Soldier 10 TB Midnight Navy, 2, -8.46
Lebron, LeBron Zoom Soldier 10 USA, 3, -2.14
Lebron, LeBron Zoom Soldier 12 AU, 4, -37.86
Lebron, Lebron 14 Black Ice, 18, -30.29
Lebron, Nike LeBron 13 Away, 31, -54.5
Lebron, Nike LeBron Zoom Soldier 10 Lux Red, 13, -47.86
Lebron, Zoom Soldier Fairfax Away, --, 
Lebron, Zoom Soldier II Army, --, 
Lebron, Zoom Soldier II Fairfax Home, --, 
Lebron, Zoom Soldier II Real Camo, --, 
Lebron, Zoom Soldier II USA Tattoo, --, 
Lebron, Zoom Soldier III Akron Home, 3, 59.2
Lebron, LeBron 12 Court Vision, 12, -39.5
Lebron, LeBron 12 Low USA, 34, -21.14
Lebron, LeBron 15 Air Max 95 (House of Hoops Special Box and Accessories), 2, 212.5
Lebron, LeBron 15 Lifestyle KITH King's Crown, 262, 119.3
Lebron, LeBron Soldier 12 Provence Purple, --, 
Lebron, Air Zoom Generation Gloria (Pink Tongue), --, 
Lebron, Air Zoom Generation Gloria (White Tongue), --, 
Lebron, Air Zoom Generation LA All-Star (2004), --, 
Lebron, Air Zoom Generation LA All-Star (2018), --, 
Lebron, LeBron 11 Terracotta Warrior (GS), --, 
Lebron, LeBron 12 Akron PE, --, 
Lebron, LeBron 12 Sprite Mix (Special Packaging), --, 
Lebron, LeBron 13 EYBL, 1, 
Lebron, LeBron 13 SVSM Away PE, 2, 
Lebron, LeBron 13 SVSM Home PE, --, 
Lebron, LeBron 15 Equality (Black), 51, 
Lebron, LeBron 15 Equality (White), 44, 
Lebron, LeBron 15 Lifestyle Kith F&F White, 13, 
Lebron, LeBron 15 Ohio State PE, 5, 
Lebron, LeBron 15 Ohio State PE (Grey), --, 
Lebron, LeBron 15 PK80, 12, 
Lebron, LeBron 15 Performance Kith Closing Ceremony, 711, 
Lebron, LeBron 15 Performance Ronnie Fieg x Cardozo PE, --, 
Lebron, LeBron 15 Performance Ronnie Fieg x SVSM PE, 7, 
Lebron, LeBron 15 SVSM Away, --, 
Lebron, LeBron 15 SVSM Home, --, 
Lebron, LeBron 4 Christ the King Away PE, --, 
Lebron, LeBron 4 Christ the King Home PE, 1, 
Lebron, LeBron 4 Fairfax Away PE, --, 
Lebron, LeBron 4 Fairfax Home PE, --, 
Lebron, LeBron 4 Hardwood Classics, --, 
Lebron, LeBron 4 OSU Away PE, --, 
Lebron, LeBron 4 OSU Home PE, --, 
Lebron, LeBron 4 SVSM Away PE, --, 
Lebron, LeBron 4 SVSM Home PE, --, 
Lebron, LeBron 6 Stewie Griffin PE, --, 
Lebron, LeBron 7 Heroes Pack (Michael Jordan), --, 
Lebron, LeBron 8 South Beach (GS), --, 
Lebron, LeBron 9 Christ The King Away (PE), --, 
Lebron, LeBron 9 Shooting Stars PE, 1, 
Lebron, LeBron Icon John Elliott Grey (F&F), 1, 
Lebron, LeBron X Chrome PE, --, 
Lebron, LeBron X Must Be the Honey, 1, 
Lebron, LeBron Zoom Soldier 10 Oregon Ducks Away PE, --, 
Lebron, LeBron Zoom Soldier 11 Black History Month (2018), --, 
Lebron, LeBron Zoom Soldier 6 Fairfax Away PE, --, 
Lebron, LeBron Zoom Soldier 6 Fairfax Home PE, --, 
Lebron, LeBron Zoom Soldier 6 SVSM Alternate PE, --, 
Lebron, LeBron Zoom Soldier 6 SVSM Away PE, --, 
Lebron, Nike LeBron 9 Cool Grey (GS), 1, 
Lebron, Zoom Soldier III SVSM Home, 6, 28.8
Lebron, LeBron 9 Low LeBronald Palmer, --, 
Lebron, LeBron 3 China, 2, 
Lebron, LeBron 11 Forging Iron (GS), --, 
Lebron, LeBron 11 Graffiti (GS), 2, 
Lebron, LeBron 12 Low Bright Citrus, 3, 
Lebron, LeBron 3 White Black Varsity Crimson (GS), --, 
Lebron, LeBron 9 South Beach (GS), 11, 
Lebron, LeBron Slide South Beach, 46, 
Lebron, LeBron Solider 9 Freegums, --, 
Lebron, LeBron Solider 9 Quai 54, 4, 
Lebron, LeBron X Sport Pack Blue Diamond, 1, 
Lebron, Nike LeBron Zoom 3 All-Star, 3, 
Lebron, Nike LeBron Zoom 3 Black Metallic Gold, 6, 
Lebron, LeBron 9 Big Bang AS (GS), 4, 
Kyrie, Air Zoom Vapor X Kyrie Hot Lava, 224, 9.44
Kyrie, Nike Kyrie Flytrap Black Black-Metallic Gold, 3, 
Harden, adidas Crazylight Boost 2016 Harden USA, 24, -39.17
Harden, adidas Crazylight Boost Triple White James Harden, 4, 148.57
Dame, adidas Dame 3 Collegiate Royal, 2, -62.61
Dame, adidas Dame 3 Dark Green, 8, -45.22
Dame, adidas Dame 3 On Tour, 1, -56.52
Dame, adidas Dame 4 A Bathing Ape Camo, 2245, 114.67
Dame, adidas Dame 4 Rip City, 22, -20
Dame, adidas Dame 4 Tribal, 9, -19.13
Dame, adidas Dame 5 Home, 3, -14.78
Harden, adidas Harden LS Olive, 9, -50.62
Harden, adidas Harden LS Raw Steel, 18, -43.75
Harden, adidas Harden Vol. 1 Imma Be A Star, 31, 72.14
Harden, adidas Harden Vol. 1 Pensole, --, 
Harden, adidas Harden Vol. 1 Red Glare, 28, -35.71
Harden, adidas Harden Vol. 2 "Vision" All-Star (2018), 264, 17.14
Harden, adidas Harden Vol. 2 Blue Night, 57, -44.29
Harden, adidas Harden Vol. 2 Grey One, 94, -39.29
Harden, adidas Harden Vol. 2 Imma Be A Star, 57, 14.29
Harden, adidas Harden Vol. 2 Lift Off, 42, -37.14
Harden, adidas Harden Vol. 2 Maroon, 153, -42.5
Harden, adidas Harden Vol. 2 Melon, 126, -38.75
Harden, adidas Harden Vol. 2 Nightmare, 102, -32.67
Harden, adidas Harden Vol. 2 Trace Cargo, 19, -52.14
Harden, adidas Harden Vol. 2 USA, 59, -38.57
Harden, adidas Harden Vol. 3 Core Black Active Blue, 7, -40.62
Harden, adidas Harden Vol. 3 Drew League, 8, -40
Harden, adidas Harden Vol. 3 Supernova, 35, -42.14
Harden, adidas Y-3 BYW Harden Black White, 85, -10
Harden, adidas Y-3 BYW Harden White, 44, -41.11
Harden, adidas Harden Vol. 1 Ash Pearl, 109, -50
Harden, adidas Harden Vol. 2 LS MVP (2018), 19, 
Harden, adidas Harden Vol. 3 Black White, 97, 
Westbrook, Jordan 1 Retro High Russell Westbrook (GS), 1, -64.62
Westbrook, Jordan 1 Retro Russell Westbrook PE, 97, -12.31
Westbrook, Jordan 10 Retro Russell Westbrook Class of 2006, 889, -16.32
Westbrook, Jordan 10 Retro Russell Westbrook Class of 2006 (GS), 90, -13.57
Westbrook, Jordan 10 Retro Russell Westbrook Class of 2006 (PS), 8, -22.5
Westbrook, Jordan 10 Retro Russell Westbrook Class of 2006 (TD), 2, -8.33
Westbrook, Jordan XX8 Westbrook Away, 2, -16
Westbrook, Jordan XX8 Westbrook Home, 10, 0.4
Westbrook, Jordan XXX1 Russell Westbrook MVP, 25, 197.84
Westbrook, Jordan XXXII Russell Westbrook OKC, 235, -49.73
Westbrook, Jordan Westbrook 0 Low Black Leather, 2, -36.36
Westbrook, Jordan Westbrook 0 University Red, 2, -29.23
Westbrook, Jordan Westbrook 0.2 Bleached Denim, --, 
Westbrook, Jordan Westbrook 0.2 Camo, 6, -43.57
Westbrook, Jordan Westbrook 0.2 Obsidian, --, 
Westbrook, Jordan Westbrook 0.2 Vachetta Tan, 14, -62.86
Westbrook, Jordan Westbrook 0.3 Dazzle, 37, 17
Westbrook, Jordan Westbrook 0.3 So Cal, 3, 7
Westbrook, Jordan Westbrook 0.2 Banned, 21, -68.57
Westbrook, Jordan Westbrook 0.2 Wheat-Wheat-Bleat, --, 
Westbrook, Jordan Westbrook Military Green, --, 
Curry, Curry 2 Black History Month (GS), 1, 0
Curry, UA Curry 1 All American, 7, 119.17
Curry, UA Curry 1 Away, 8, 14.17
Curry, UA Curry 1 Black and Gold Banner, 30, 18.33
Curry, UA Curry 1 Candy Reign, 13, 33.33
Curry, UA Curry 1 Championship Pack, 24, -20.25
Curry, UA Curry 1 Dark Matter (ASG), 12, 37.5
Curry, UA Curry 1 Dub Nation, 9, 104.17
Curry, UA Curry 1 Father to Son, 30, 8.33
Curry, UA Curry 1 Golf, 3, -17.5
Curry, UA Curry 1 Home, 6, 75
Curry, UA Curry 1 Low Championship, 114, 26.36
Curry, UA Curry 1 Low Dub Nation, 27, -8.18
Curry, UA Curry 1 Low Elite 24, 16, -27.5
Curry, UA Curry 1 Low Golf, 11, -44.55
Curry, UA Curry 1 Low Lux Tan, 3, -45.71
Curry, UA Curry 1 Low Panthers, 13, -5.45
Curry, UA Curry 1 Low Red, 8, -17.27
Curry, UA Curry 1 Low SC30 Select, 11, -28.18
Curry, UA Curry 1 Low UAA Finals, 10, -26.36
Curry, UA Curry 1 Lux Black, 11, -64.67
Curry, UA Curry 1 Lux Black Gum, 1, -60.67
Curry, UA Curry 1 Lux Red, 1, -63.33
Curry, UA Curry 1 Lux White Gum, 4, -49.33
Curry, UA Curry 1 MI30, 9, 11.67
Curry, UA Curry 1 MVP, 27, 67.5
Curry, UA Curry 1 SC30 Select, 4, 54.17
Curry, UA Curry 1 Splash Party, 57, 46.67
Curry, UA Curry 1 Underdog, 5, 20
Curry, UA Curry 2 All Star (2016), 49, -16.92
Curry, UA Curry 2 Birthday, 31, -18.46
Curry, UA Curry 2 Black History Month, 10, -32.31
Curry, UA Curry 2 Black Knight, 16, -10.77
Curry, UA Curry 2 Dub Nation Away, 29, -14.4
Curry, UA Curry 2 Dub Nation Home, 39, -5.38
Curry, UA Curry 2 Electric Blue, 16, -41.54
Curry, UA Curry 2 Elite, 19, -19.23
Curry, UA Curry 2 Father to Son, 5, -38.46
Curry, UA Curry 2 Floor General, 43, -40.77
Curry, UA Curry 2 Gold Rings, 23, 11.54
Curry, UA Curry 2 Haight Street, 6, -24.62
Curry, UA Curry 2 Iron Forges Iron, 13, -15.2
Curry, UA Curry 2 Long Shot, 8, -21.54
Curry, UA Curry 2 Low Athletics, 4, -5
Curry, UA Curry 2 Low Chef, 11, -29.09
Curry, UA Curry 2 Low Energy, 3, 10.91
Curry, UA Curry 2 Low San Francisco Giants, 1, -3.85
Curry, UA Curry 2 Low The Essential, 2, -25
Curry, UA Curry 2 Low The Hook, --, 
Curry, UA Curry 2 Mothers Day, 3, 0
Curry, UA Curry 2 Northern Lights, 15, -3.85
Curry, UA Curry 2 Professional, 16, -27.69
Curry, UA Curry 2 Providence Road, 12, -45.38
Curry, UA Curry 2 Rainmaker, 2, -19.23
Curry, UA Curry 2 Rainmaker Graystorm, 6, -18.46
Curry, UA Curry 2 Suit and Tie, 26, 4.62
Curry, UA Curry 2 USA, 9, -20
Curry, UA Curry 2 Waves, 3, 30.77
Curry, UA Curry 2.5 73-9, 12, -30.71
Curry, UA Curry 2.5 Black Taxi, 6, -25.93
Curry, UA Curry 2.5 Dub Nation, 23, -47.41
Curry, UA Curry 2.5 Long Shot, 2, -23.7
Curry, UA Curry 2.5 Low SC 30 Select, 4, -22.5
Curry, UA Curry 2.5 Miami, 2, -29.63
Curry, UA Curry 2.5 Red Black, 6, -42.96
Curry, UA Curry 2.5 SC30 Select, 1, -55.56
Curry, UA Curry 2.5 USA, 1, -51.85
Curry, UA Curry 3 122 All Star, --, 
Curry, UA Curry 3 Brass Band, 10, -48.67
Curry, UA Curry 3 Chinese New Year, 2, -13.33
Curry, UA Curry 3 Dark Horse, --, 
Curry, UA Curry 3 Davidson, --, 
Curry, UA Curry 3 Dub Nation Heritage, 28, -55
Curry, UA Curry 3 Dub Nation Home, 1, -14.29
Curry, UA Curry 3 Flight Jacket, --, 
Curry, UA Curry 3 Full Circle, 1, -25.83
Curry, UA Curry 3 Grey Matter, --, 
Curry, UA Curry 3 Magi, 3, -46.43
Curry, UA Curry 3 Raw Sugar, 8, -52.86
Curry, UA Curry 3 Red Hot Santa, --, 
Curry, UA Curry 3 Reign Water, 5, -54.29
Curry, UA Curry 3 SC Camo, 6, -48.57
Curry, UA Curry Pack Back 2 Back MVP, 70, -19.25
Curry, Under Armour Curry 1 Low Two-A-Days, 7, -20
Curry, Under Armour Curry 1 Mid Lux Blackout Navy, --, 
Curry, Under Armour Curry 1 Shoe Palace 25th Anniversary, 10, -2.31
Curry, Under Armour Curry 2.5 White Black, 1, -40.74
Curry, Under Armour Curry 3 Black Carolina, --, 
Curry, Under Armour Curry 3 Grey Matter Green, --, 
Curry, Under Armour Curry 3 White Blackout Navy, --, 
Curry, Under Armour Curry 3Zero Warriors Away, --, 
Curry, Under Armour Curry 4 All-Star (2018), 22, 5.38
Curry, Under Armour Curry 4 Black White (GS), 1, 0
Curry, Under Armour Curry 4 Cal, 21, 74.62
Curry, Under Armour Curry 4 Flushed Pink, 138, 56.92
Curry, Under Armour Curry 4 Home, 32, 23.85
Curry, Under Armour Curry 4 Low Baja, 1, 0
Curry, Under Armour Curry 4 Low Grove Green, 4, -19.17
Curry, Under Armour Curry 4 Low Merlot, 3, 2.5
Curry, Under Armour Curry 4 Low NBA Jam, 5, 93.33
Curry, Under Armour Curry 4 Low Nothing But Nets, 26, 65
Curry, Under Armour Curry 4 Low Orange, --, 
Curry, Under Armour Curry 4 More Dimes, 101, 20
Curry, Under Armour Curry 4 More Magic, 11, 98.46
Curry, Under Armour Curry 4 More Range, 22, 9.23
Curry, Under Armour Curry 4 Overcast Grey, 17, -7.69
Curry, Under Armour Curry 4 Red Black Gum, 28, -23.08
Curry, Under Armour Curry 4 Shoe Palace 25th Anniversary, 17, 15.71
Curry, Under Armour Curry 4 Team Royal, 20, -8.46
Curry, Under Armour Curry 4 White Black, 136, 3.08
Curry, Under Armour Curry 4 White Gold, 140, 43.08
Curry, Under Armour Curry 4 White Gold (GS), --, 
Curry, Under Armour Curry 5 Black Gold, 81, 37.69
Curry, Under Armour Curry 5 Black Multi-Color, 14, -23.85
Curry, Under Armour Curry 5 Chef Curry, 1, 23.08
Curry, Under Armour Curry 5 Copper, 30, 103.85
Curry, Under Armour Curry 5 Grey Gum, 18, -15.38
Curry, Under Armour Curry 5 Moroccan Blue, 11, -29.23
Curry, Under Armour Curry 5 Pi Day, 246, 44.62
Curry, Under Armour Curry 5 Tan Gum, --, 
Curry, Under Armour Curry 5 Welcome Home, 68, 15.38
Curry, Under Armour Curry 5 White, 4, 63.08
Curry, Under Armour Curry 5 White Confetti, 11, 11.54
Curry, Under Armour Curry 5 White Gold, 80, 41.54
Curry, Under Armour Curry 5 Wired Different, 33, 5.38
Curry, Under Armour Curry 5 Yellow Orange, 2, 63.85
Curry, Under Armour Curry 6 Christmas in the Town, 65, 57.69
Curry, Under Armour Curry 6 Fox Theatre, 62, 7.69
Curry, Under Armour Curry 6 Fox Theatre (GS), --, 
Curry, Under Armour Curry 6 Red, 2, 7.69
Curry, Under Armour Curry 6 Underrated, 1, -7.69
Curry, Under Armour Curry 6 Underrated (GS), --, 
Curry, UA Curry 2.5 49ers, 1, -25.93
Curry, Under Armour Anatomix Spawn Stephen Curry Voodoo PE, 1, 150
Curry, Under Armour Curry 1 Lux Mid Basketball Shoe Blackout Navy-Gold-Blackout Navy, 2, 7.69
Curry, Under Armour Curry 1 Lux Mid Sde Black-Metallic Silver-Black, --, 
Curry, Under Armour Curry 1 Lux Mid Sde Red-Black-Red, 1, -38.46
Curry, Under Armour SC Curry 3 Zero Taxi Yellow, --, 
Curry, UA Curry 3Zer0 LTD Gold, --, 
Curry, UA Curry 3Zer0 LTD Gold (Signed), --, 
Curry, Under Armour Curry 1 Low MLB All-Star 2018, --, 
Curry, Under Armour Curry 4 Champ Pack, 6, 
Curry, Under Armour Curry 4 Low NBA Combine, 1, 
Curry, Under Armour Curry 4 Low Purple, --, 
Curry, Under Armour Curry 4 Low Red, 1, 
Curry, Under Armour Curry 4 Low Yellow, 3, 
Curry, Under Armour Curry 4 Red, --, 
Curry, Under Armour Curry 4 Space, --, 
Curry, Under Armour Curry 4 Time, --, 
Curry, Under Armour Curry 5 Dance Mom, --, 
Curry, Under Armour Curry 3 Low Black-Aluminum-Black, --, 
