brand, total_sales, type
Nike, 58, Air Force
Nike, 37, Air Force
Nike, 1, Air Force
Nike, 2, Air Force
Nike, 4, Air Force
Nike, 5, Air Force
Nike, 6, Air Force
Nike, 2, Air Force
Nike, 11, Air Force
Nike, 24, Air Force
Nike, 60, Air Force
Nike, 61, Air Force
Nike, 3, Air Force
Nike, 32, Air Force
Nike, 30, Air Force
Nike, 1, Air Force
Nike, 3, Air Force
Nike, 15, Air Force
Nike, 4, Air Force
Nike, 738, Air Force
Nike, 923, Air Force
Nike, 5, Air Force
Nike, 202, Air Force
Nike, 36, Air Force
Nike, 178, Air Force
Nike, 43, Air Force
Nike, 2, Air Force
Nike, 5, Air Force
Nike, 1, Air Force
Nike, 33, Air Force
Nike, 452, Air Force
Nike, 2, Air Force
Nike, 4, Air Force
Nike, 8, Air Force
Nike, 2, Air Force
Nike, 508, Air Force
Nike, 80, Air Force
Nike, 145, Air Force
Nike, 2, Air Force
Nike, 10, Air Force
Nike, 22, Air Force
Nike, 1, Air Force
Nike, 2, Air Force
Nike, 7, Air Force
Nike, 67, Air Force
Nike, 12, Air Force
Nike, 3, Air Force
Nike, 16, Air Force
Nike, 33, Air Force
Nike, 512, Air Force
Nike, 25, Air Force
Nike, 9, Air Force
Nike, 8, Air Force
Nike, 24, Air Force
Nike, 21, Air Force
Nike, 4, Air Force
Nike, 178, Air Force
Nike, 504, Air Force
Nike, 297, Air Force
Nike, 2, Air Force
Nike, 4, Air Force
Nike, 6, Air Force
Nike, 1, Air Force
Nike, 17, Air Force
Nike, 190, Air Force
Nike, 180, Air Force
Nike, 61, Air Force
Nike, 51, Air Force
Nike, 1, Air Force
Nike, 38, Air Force
Nike, 860, Air Force
Nike, 4, Air Force
Nike, 11, Air Force
Nike, 3, Air Force
Nike, 14, Air Force
Nike, 50, Air Force
Nike, 32, Air Force
Nike, 4, Air Force
Nike, 3, Air Force
Nike, 14, Air Force
Nike, 4, Air Force
Nike, 67, Air Force
Nike, 2, Air Force
Nike, 11, Air Force
Nike, 7, Air Force
Nike, 2, Air Force
Nike, 36, Air Force
Nike, 43, Air Force
Nike, 10, Air Force
Nike, 1, Air Force
Nike, 222, Air Force
Nike, 2, Air Force
Nike, 8, Air Force
Nike, 6, Air Force
Nike, 31, Air Force
Nike, 26, Air Force
Nike, 206, Air Force
Nike, 26, Air Force
Nike, 5, Air Force
Nike, 62, Air Force
Nike, 140, Air Force
Nike, 15, Air Force
Nike, 14, Air Force
Nike, 1, Air Force
Nike, 36, Air Force
Nike, 5, Air Force
Nike, 3, Air Force
Nike, 1, Air Force
Nike, 4, Air Force
Nike, 74, Air Force
Nike, 3, Air Force
Nike, 15, Air Force
Nike, 13, Air Force
Nike, 550, Air Force
Nike, 453, Air Force
Nike, 438, Air Force
Nike, 1046, Air Force
Nike, 45, Air Force
Nike, 17, Air Force
Nike, 7, Air Force
Nike, 136, Air Force
Nike, 228, Air Force
Nike, 129, Air Force
Nike, 3, Air Force
Nike, 1, Air Force
Nike, 5, Air Force
Nike, 1, Air Force
Nike, 8, Air Force
Nike, 57, Air Force
Nike, 18, Air Force
Nike, 6, Air Force
Nike, 88, Air Force
Nike, 1, Air Force
Nike, 1, Air Force
Nike, 5, Air Force
Nike, 1, Air Force
Nike, 2, Air Force
Nike, 12, Air Force
Nike, 4, Air Force
Nike, 1, Air Force
Nike, 6, Air Force
Nike, 1718, Air Force
Nike, 246, Air Force
Nike, 3, Air Force
Nike, 2, Air Force
Nike, 365, Air Force
Nike, 12, Air Force
Nike, 272, Air Force
Nike, 128, Air Force
Nike, 2, Air Force
Nike, 101, Air Force
Nike, 4, Air Force
Nike, 29, Air Force
Nike, 47, Air Force
Nike, 4, Air Force
Nike, 715, Air Force
Nike, 12, Air Force
Nike, 1, Air Force
Nike, 6, Air Force
Nike, 205, Air Force
Nike, 3, Air Force
Nike, 31, Air Force
Nike, 1, Air Force
Nike, 1, Air Force
Nike, 29, Air Force
Nike, 15, Air Force
Nike, 9, Air Force
Nike, 4, Air Force
Nike, 1, Air Force
Nike, 15, Air Force
Nike, 2, Air Force
Nike, 1, Air Force
Nike, 19, Air Force
Nike, 6, Air Force
Nike, 2, Air Force
Nike, 14, Air Force
Nike, 1, Air Force
Nike, 4, Air Force
Nike, 1522, Air Force
Nike, 1, Air Force
Nike, 48, Air Force
Nike, 101, Air Force
Nike, 12, Air Force
Nike, 20, Air Force
Nike, 21, Air Force
Nike, 1, Air Force
Nike, 192, Air Force
Nike, 1284, Air Force
Nike, 18, Air Force
Nike, 15, Air Force
Nike, 1, Air Force
Nike, 3, Air Force
Nike, 2, Air Force
Nike, 16, Air Force
Nike, 348, Air Force
Nike, 299, Air Force
Nike, 55, Air Force
Nike, 15, Air Force
Nike, 7, Air Force
Nike, 68, Air Force
Nike, 6, Air Force
Nike, 23, Air Force
Nike, 6, Air Force
Nike, 14, Air Force
Nike, 2, Air Force
Nike, 12, Air Force
Nike, 3, Air Force
Nike, 578, Air Force
Nike, 1, Air Force
Nike, 2, Air Force
Nike, 3, Air Force
Nike, 12, Air Force
Nike, 49, Air Force
Nike, 1, Air Force
Nike, 4, Air Force
Nike, 24, Air Force
Nike, 11, Air Force
Nike, 16, Air Force
Nike, 12, Air Force
Nike, 2, Air Force
Nike, 2, Air Force
Nike, 11, Air Force
Nike, 6, Air Force
Nike, 648, Air Force
Nike, 1, Air Force
Nike, 1, Air Force
Nike, 34, Air Force
Nike, 161, Air Force
Nike, 1, Air Force
Nike, 134, Air Force
Nike, 50, Air Force
Nike, 1027, Air Force
Nike, 71, Air Force
Nike, 590, Air Force
Nike, 64, Air Force
Nike, 1, Air Force
Nike, 13, Air Force
Nike, 11, Air Force
Nike, 7, Air Force
Nike, 43, Air Force
Nike, 8, Air Force
Nike, 10, Air Force
Nike, 8, Air Force
Nike, 1, Air Force
Nike, 73, Air Force
Nike, 6, Air Force
Nike, 210, Air Force
Nike, 20, Air Force
Nike, 12, Air Force
Nike, 6, Air Force
Nike, 64, Air Force
Nike, 50, Air Force
Nike, 1, Air Force
Nike, 21, Air Force
Nike, 12, Air Force
Nike, 13, Air Force
Nike, 1, Air Force
Nike, 10, Air Force
Nike, 1, Air Force
Nike, 1, Air Force
Nike, 23, Air Force
Nike, 52, Air Force
Nike, 3, Air Force
Nike, 11, Air Force
Nike, 37, Air Force
Nike, 141, Air Force
Nike, 2, Air Force
Nike, 43, Air Force
Nike, 19, Air Force
Nike, 29, Air Force
Nike, 35, Air Force
Nike, 84, Air Force
Nike, 16, Air Force
Nike, 2, Air Force
Nike, 68, Air Force
Nike, 22, Air Force
Nike, 2, Air Force
Nike, 3, Air Force
Nike, 2, Air Force
Nike, 1, Air Force
Nike, 52, Air Force
Nike, 11, Air Force
Nike, 1, Air Force
Nike, 854, Air Force
Nike, 3798, Air Force
Nike, 269, Air Force
Nike, 646, Air Force
Nike, 3947, Air Force
Nike, 285, Air Force
Nike, 719, Air Force
Nike, 3, Air Force
Nike, 2, Air Force
Nike, 9, Air Force
Nike, 7, Air Force
Nike, 4, Air Force
Nike, 1, Air Force
Nike, 9, Air Force
Nike, 8, Air Force
Nike, 1, Air Force
Nike, 984, Air Force
Nike, 1, Air Force
Nike, 5, Air Force
Nike, 7, Air Force
Nike, 8, Air Force
Nike, 54, Air Force
Nike, 18, Air Force
Nike, 48, Air Force
Nike, 1, Air Force
Nike, 33, Air Force
Nike, 30, Air Force
Nike, 189, Air Force
Nike, 931, Air Force
Nike, 223, Air Force
Nike, 2, Air Force
Nike, 4, Air Force
Nike, 9, Air Force
Nike, 5, Air Force
Nike, 1260, Air Force
Nike, 1, Air Force
Nike, 1, Air Force
Nike, 4, Air Force
Nike, 4, Air Force
Nike, 14, Air Force
Nike, 7, Air Force
Nike, 55, Air Force
Nike, 14, Air Force
Nike, 6, Air Force
Nike, 16, Air Force
Nike, 21, Air Force
Nike, 25, Air Force
Nike, 8, Air Force
Nike, 16, Air Force
Nike, 10, Air Force
Nike, 6, Air Force
Nike, 9, Air Force
Nike, 15, Air Force
Nike, 104, Air Force
Nike, 8, Air Force
Nike, 14, Air Force
Nike, 5, Air Force
Nike, 4, Air Force
Nike, 3621, Air Force
Nike, 819, Air Force
Nike, 990, Air Force
Nike, 1147, Air Force
Nike, 169, Air Force
Nike, 623, Air Force
Nike, 7, Air Force
Nike, 157, Air Force
Nike, 9, Air Force
Nike, 16, Air Force
Nike, 11, Air Force
Nike, 591, Air Force
Nike, 9607, Air Force
Nike, 2, Air Force
Nike, 1, Air Force
Nike, 2, Air Force
Nike, 44, Air Force
Nike, 25, Air Force
Nike, 22, Air Force
Nike, 5, Air Force
Nike, 2, Air Force
Nike, 1125, Air Force
Nike, 246, Air Force
Nike, 390, Air Force
Nike, 55, Air Force
Nike, 77, Air Force
Nike, 1345, Air Force
Nike, 200, Air Force
Nike, 4, Air Force
Nike, 46, Air Force
Nike, 1, Air Force
Nike, 16, Air Force
Nike, 9, Air Force
Nike, 4, Air Force
Nike, 40, Air Force
Nike, 43, Air Force
Nike, 2, Air Force
Nike, 4, Air Force
Nike, 4, Air Force
Nike, 424, Air Force
Nike, 73, Air Force
Nike, 1, Air Force
Nike, 25, Air Force
Nike, 1, Air Force
Nike, 192, Air Force
Nike, 83, Air Force
Nike, 5, Air Force
Nike, 5, Air Force
Nike, 19, Air Force
Nike, 26, Air Force
Nike, 7, Air Force
Nike, 30, Air Force
Nike, 21, Air Force
Nike, 90, Air Force
Nike, 2, Air Force
Nike, 4, Air Force
Nike, 22, Air Force
Nike, 1, Air Force
Nike, 59, Air Force
Nike, 67, Air Force
Nike, 4, Air Force
Nike, 5, Air Force
Nike, 39, Air Force
Nike, 17, Air Force
Nike, 4, Air Force
Nike, 17, Air Force
Nike, 2, Air Force
Nike, 17, Air Force
Nike, 1, Air Force
Nike, 29, Air Force
Nike, 1, Air Force
Nike, 1, Air Force
Nike, 4506, Air Force
Nike, 6212, Air Force
Nike, 16, Air Force
Nike, 6, Air Force
Nike, 24, Air Force
Nike, 9, Air Force
Nike, 6, Air Force
Nike, 1, Air Force
Nike, 25, Air Force
Nike, 176, Air Force
Nike, 5, Air Force
Nike, 279, Air Force
Nike, 20, Air Force
Nike, 307, Air Force
Nike, 1, Air Force
Nike, 1, Air Force
Nike, 2, Air Force
Nike, 42, Air Force
Nike, 1, Air Force
Nike, 9, Air Force
Nike, 3, Air Force
Nike, 212, Air Force
Nike, 218, Air Force
Nike, 2, Air Force
Nike, 3, Air Force
Nike, 66, Air Force
Nike, 17, Air Force
Nike, 37, Air Force
Nike, 461, Air Force
Nike, 54, Air Force
Nike, 5, Air Force
Nike, 5, Air Force
Nike, 3, Air Force
Nike, 54, Air Force
Nike, 1, Air Force
Nike, 7, Air Force
Nike, 6, Air Force
Nike, 14, Air Force
Nike, 1, Air Force
Nike, 24, Air Force
Nike, 34, Air Force
Nike, 11, Air Force
Nike, 13, Air Force
Nike, 7, Air Force
Nike, 1, Air Force
Nike, 2, Air Force
Nike, 5, Air Force
Nike, 20, Air Force
Nike, 7, Air Force
Nike, 28, Air Force
Nike, 55, Air Force
Nike, 23, Air Force
Nike, 33, Air Force
Nike, 1, Air Force
Nike, 447, Air Force
Nike, 3, Air Force
Nike, 5, Air Force
Nike, 102, Air Force
Nike, 175, Air Force
Nike, 17, Air Force
Nike, 1, Air Force
Nike, 1, Air Force
Nike, 299, Air Force
Nike, 61, Air Force
Nike, 9, Air Force
Nike, 34, Air Force
Nike, 628, Air Force
Nike, 467, Air Force
Nike, 2, Air Force
Nike, 14, Air Force
Nike, 385, Air Force
Nike, 1, Air Force
Nike, 5, Air Force
Nike, 38, Air Force
Nike, 4, Air Force
Nike, 750, Air Force
Nike, 24, Air Force
Nike, 28, Air Force
Nike, 19, Air Force
Nike, 13, Air Force
Nike, 24, Air Force
Nike, 3, Air Force
Nike, 15, Air Force
Nike, 2, Air Force
Nike, 2, Air Force
Nike, 38, Air Force
Nike, 14, Air Force
Nike, 90, Air Force
Nike, 173, Air Force
Nike, 13, Air Force
Nike, 9, Air Force
Nike, 43, Air Force
Nike, 22, Air Force
Nike, 43, Air Force
Nike, 2, Air Force
Nike, 10, Air Force
Nike, 47, Air Force
Nike, 1, Air Force
Nike, 111, Air Force
Nike, 12, Air Force
Nike, 13, Air Force
Nike, 107, Air Force
Nike, 14, Air Force
Nike, 4, Air Force
Nike, 4, Air Force
Nike, 1, Air Force
Nike, 14, Air Force
Nike, 12, Air Force
Nike, 128, Air Force
Nike, 110, Air Force
Nike, 206, Air Force
Nike, 242, Air Force
Nike, 2, Air Force
Nike, 9, Air Force
Nike, 632, Air Force
Nike, 105, Air Force
Nike, 78, Air Force
Nike, 227, Air Force
Nike, 443, Air Force
Nike, 2, Air Force
Nike, 69, Air Force
Nike, 1, Air Force
Nike, 10, Air Force
Nike, 57, Air Force
Nike, 1, Air Force
Nike, 21, Air Force
Nike, 132, Air Force
Nike, 168, Air Force
Nike, 21, Air Force
Nike, 5, Air Force
Nike, 25, Air Force
Nike, 56, Air Force
Nike, 161, Air Force
Nike, 1, Air Force
Nike, 43, Air Force
Nike, 57, Air Force
Nike, 4, Air Force
Nike, 2, Air Force
Nike, 242, Air Force
Nike, 123, Air Force
Nike, 54, Air Force
Nike, 16, Air Force
Nike, 29, Air Force
Nike, 251, Air Force
Nike, 84, Air Force
Nike, 208, Air Force
Nike, 355, Air Force
Nike, 107, Air Force
Nike, 189, Air Force
Nike, 3, Air Force
Nike, 39, Air Force
Nike, 1, Air Force
Nike, 55, Air Force
Nike, 3, Air Force
Nike, 60, Air Force
Nike, 47, Air Force
Nike, 8, Air Force
Nike, 12, Air Force
Nike, 75, Air Force
Nike, 46, Air Force
Nike, 239, Air Force
Nike, 1, Air Force
Nike, 1, Air Force
Nike, 24, Air Force
Nike, 71, Air Force
Nike, 6, Air Force
Nike, 8, Air Force
Nike, 46, Air Force
Nike, 231, Air Force
Nike, 147, Air Force
Nike, 2, Air Force
Nike, 101, Air Force
Nike, 1, Air Force
Nike, 247, Air Force
Nike, 1, Air Force
Nike, 2, Air Force
Nike, 12, Air Force
Nike, 1, Air Force
Nike, 36, Air Force
Nike, 22, Air Force
Nike, 131, Air Force
Nike, 250, Air Force
Nike, 17, Air Force
Nike, 14, Air Force
Nike, 4, Air Force
Nike, 53, Air Force
Nike, 21, Air Force
Nike, 3, Air Force
Nike, 6, Air Force
Nike, 2, Air Force
Nike, 29, Air Force
Nike, 1, Air Force
Nike, 3, Air Force
Nike, 10, Air Force
Nike, 2, Air Force
Nike, 2, Air Force
Nike, 1, Air Force
Nike, 1, Air Force
Nike, 4, Air Force
Nike, 6, Air Force
Nike, 33, Air Force
Nike, 48, Air Force
Nike, 8, Air Force
Nike, 30, Air Force
Nike, 2, Air Force
Nike, 8, Air Force
Nike, 76, Air Force
Nike, 510, Air Force
Nike, 2, Air Force
Nike, 3, Air Force
Nike, 8, Air Force
Nike, 1, Air Force
Nike, 9, Air Force
Nike, 2, Air Force
Nike, 85, Air Force
Nike, 1, Air Force
Nike, 64, Air Force
Nike, 1, Air Force
Nike, 13, Air Force
Nike, 31, Air Force
Nike, 9, Air Force
Nike, 1, Air Force
Nike, 674, Air Force
Nike, 52, Air Force
Nike, 146, Air Force
Nike, 5, Air Force
Nike, 470, Air Force
Nike, 11, Air Force
Nike, 1, Air Force
Nike, 1, Air Force
Nike, 108, Air Force
Nike, 18, Air Force
Nike, 2, Air Force
Nike, 4, Air Force
Nike, 3, Air Force
Nike, 6, Air Force
Nike, 1, Air Force
Nike, 6, Air Force
Nike, 2, Air Force
Nike, 2, Air Force
Nike, 4, Air Force
Nike, 2, Air Force
Nike, 5, Air Force
Nike, 8, Air Force
Nike, 6, Air Force
Nike, 2, Air Force
Nike, 2, Air Force
Nike, 8, Air Force
Nike, 7, Air Force
Nike, 11, Air Force
Nike, 4, Air Force
Nike, 1, Air Force
Nike, 16, Air Force
Nike, 1, Air Force
Nike, 1, Air Force
Nike, 2, Air Force
Nike, 3, Air Force
Nike, 2642, Air Force
Nike, 8, Air Force
Nike, 1, Air Force
Nike, 4, Air Force
Nike, 3, Air Force
Nike, 9, Air Force
Nike, 2, Air Force
Nike, 1, Air Force
Nike, 4, Air Force
Nike, 4, Air Force
Nike, 2, Air Force
Nike, 16, Air Force
Nike, 374, Air Force
Nike, 5, Air Force
Nike, 2, Air Force
Nike, 1, Air Force
Nike, 4, Air Force
Nike, 3, Air Force
Nike, 5, Air Force
Nike, 15, Air Force
Nike, 5, Air Force
Nike, 2, Air Force
Nike, 5, Air Force
Nike, 1, Air Force
Nike, 3, Air Force
Nike, 4, Air Force
Nike, 1, Air Force
Nike, 1, Air Force
Nike, 5, Air Force
Nike, 1, Air Force
Nike, 6, Air Force
Nike, 2, Air Force
Nike, 1, Air Force
Nike, 4, Air Force
Nike, 32, Air Force
Nike, 1, Air Force
Nike, 6, Air Force
Nike, 112, Air Force
Nike, 4, Air Force
Nike, 4, Air Force
Nike, 40, Air Force
Nike, 3, Air Force
Nike, 7, Air Force
Nike, 1, Air Force
Nike, 11, Air Force
Nike, 2, Air Force
Nike, 2, Air Force
Nike, 4, Air Force
Nike, 3, Air Force
Nike, 12, Air Force
Nike, 5, Air Force
Nike, 3, Air Force
Nike, 8, Air Max
Nike, 25, Air Max
Nike, 51, Air Max
Nike, 998, Air Max
Nike, 837, Air Max
Nike, 69, Air Max
Nike, 3264, Air Max
Nike, 1047, Air Max
Nike, 60, Air Max
Nike, 6455, Air Max
Nike, 509, Air Max
Nike, 221, Air Max
Nike, 75, Air Max
Nike, 26, Air Max
Nike, 7, Air Max
Nike, 8, Air Max
Nike, 1, Air Max
Nike, 4, Air Max
Nike, 211, Air Max
Nike, 21, Air Max
Nike, 1, Air Max
Nike, 59, Air Max
Nike, 976, Air Max
Nike, 72, Air Max
Nike, 341, Air Max
Nike, 491, Air Max
Nike, 82, Air Max
Nike, 95, Air Max
Nike, 70, Air Max
Nike, 57, Air Max
Nike, 39, Air Max
Nike, 31, Air Max
Nike, 8, Air Max
Nike, 17, Air Max
Nike, 27, Air Max
Nike, 1, Air Max
Nike, 14, Air Max
Nike, 184, Air Max
Nike, 126, Air Max
Nike, 79, Air Max
Nike, 17, Air Max
Nike, 161, Air Max
Nike, 286, Air Max
Nike, 47, Air Max
Nike, 27, Air Max
Nike, 790, Air Max
Nike, 943, Air Max
Nike, 210, Air Max
Nike, 45, Air Max
Nike, 123, Air Max
Nike, 40, Air Max
Nike, 18, Air Max
Nike, 1, Air Max
Nike, 1, Air Max
Nike, 3463, Air Max
Nike, 33, Air Max
Nike, 11, Air Max
Nike, 4, Air Max
Nike, 42, Air Max
Nike, 6, Air Max
Nike, 421, Air Max
Nike, 151, Air Max
Nike, 133, Air Max
Nike, 9, Air Max
Nike, 143, Air Max
Nike, 18, Air Max
Nike, 19, Air Max
Nike, 9, Air Max
Nike, 199, Air Max
Nike, 4, Air Max
Nike, 331, Air Max
Nike, 66, Air Max
Nike, 17, Air Max
Nike, 54, Air Max
Nike, 9, Air Max
Nike, 8, Air Max
Nike, 27, Air Max
Nike, 2, Air Max
Nike, 5, Air Max
Nike, 1, Air Max
Nike, 3, Air Max
Nike, 68, Air Max
Nike, 219, Air Max
Nike, 166, Air Max
Nike, 9976, Air Max
Nike, 847, Air Max
Nike, 36, Air Max
Nike, 159, Air Max
Nike, 168, Air Max
Nike, 323, Air Max
Nike, 183, Air Max
Nike, 5, Air Max
Nike, 23, Air Max
Nike, 143, Air Max
Nike, 2, Air Max
Nike, 928, Air Max
Nike, 45, Air Max
Nike, 60, Air Max
Nike, 65, Air Max
Nike, 20, Air Max
Nike, 16, Air Max
Nike, 21, Air Max
Nike, 4, Air Max
Nike, 14, Air Max
Nike, 40, Air Max
Nike, 175, Air Max
Nike, 920, Air Max
Nike, 103, Air Max
Nike, 106, Air Max
Nike, 16, Air Max
Nike, 128, Air Max
Nike, 271, Air Max
Nike, 124, Air Max
Nike, 423, Air Max
Nike, 86, Air Max
Nike, 5, Air Max
Nike, 76, Air Max
Nike, 67, Air Max
Nike, 194, Air Max
Nike, 75, Air Max
Nike, 545, Air Max
Nike, 20, Air Max
Nike, 1489, Air Max
Nike, 23, Air Max
Nike, 59, Air Max
Nike, 2, Air Max
Nike, 2, Air Max
Nike, 52, Air Max
Nike, 80, Air Max
Nike, 12, Air Max
Nike, 5, Air Max
Nike, 22, Air Max
Nike, 37, Air Max
Nike, 1, Air Max
Nike, 41, Air Max
Nike, 203, Air Max
Nike, 1382, Air Max
Nike, 110, Air Max
Nike, 138, Air Max
Nike, 13, Air Max
Nike, 191, Air Max
Nike, 13, Air Max
Nike, 80, Air Max
Nike, 173, Air Max
Nike, 11, Air Max
Nike, 24, Air Max
Nike, 40, Air Max
Nike, 47, Air Max
Nike, 223, Air Max
Nike, 400, Air Max
Nike, 17, Air Max
Nike, 74, Air Max
Nike, 7, Air Max
Nike, 175, Air Max
Nike, 116, Air Max
Nike, 172, Air Max
Nike, 94, Air Max
Nike, 44, Air Max
Nike, 15, Air Max
Nike, 27, Air Max
Nike, 23, Air Max
Nike, 6, Air Max
Nike, 40, Air Max
Nike, 151, Air Max
Nike, 28, Air Max
Nike, 7, Air Max
Nike, 45, Air Max
Nike, 13, Air Max
Nike, 2, Air Max
Nike, 85, Air Max
Nike, 14, Air Max
Nike, 82, Air Max
Nike, 2, Air Max
Nike, 58, Air Max
Nike, 121, Air Max
Nike, 24, Air Max
Nike, 47, Air Max
Nike, 984, Air Max
Nike, 65, Air Max
Nike, 14, Air Max
Nike, 309, Air Max
Nike, 37, Air Max
Nike, 2, Air Max
Nike, 914, Air Max
Nike, 379, Air Max
Nike, 26, Air Max
Nike, 45, Air Max
Nike, 47, Air Max
Nike, 31, Air Max
Nike, 13, Air Max
Nike, 53, Air Max
Nike, 20, Air Max
Nike, 3, Air Max
Nike, 858, Air Max
Nike, 38, Air Max
Nike, 5, Air Max
Nike, 87, Air Max
Nike, 45, Air Max
Nike, 49, Air Max
Nike, 16, Air Max
Nike, 56, Air Max
Nike, 166, Air Max
Nike, 3, Air Max
Nike, 3, Air Max
Nike, 1, Air Max
Nike, 5, Air Max
Nike, 12, Air Max
Nike, 3, Air Max
Nike, 1, Air Max
Nike, 49, Air Max
Nike, 389, Air Max
Nike, 117, Air Max
Nike, 67, Air Max
Nike, 6, Air Max
Nike, 4, Air Max
Nike, 8, Air Max
Nike, 41, Air Max
Nike, 2, Air Max
Nike, 152, Air Max
Nike, 1, Air Max
Nike, 40, Air Max
Nike, 120, Air Max
Nike, 1, Air Max
Nike, 6, Air Max
Nike, 97, Air Max
Nike, 7, Air Max
Nike, 2, Air Max
Nike, 112, Air Max
Nike, 23, Air Max
Nike, 70, Air Max
Nike, 43, Air Max
Nike, 7, Air Max
Nike, 369, Air Max
Nike, 45, Air Max
Nike, 4, Air Max
Nike, 1, Air Max
Nike, 6, Air Max
Nike, 81, Air Max
Nike, 5, Air Max
Nike, 37, Air Max
Nike, 5, Air Max
Nike, 38, Air Max
Nike, 34, Air Max
Nike, 10, Air Max
Nike, 1, Air Max
Nike, 2, Air Max
Nike, 507, Air Max
Nike, 2, Air Max
Nike, 6, Air Max
Nike, 5, Air Max
Nike, 23, Air Max
Nike, 770, Air Max
Nike, 63, Air Max
Nike, 2, Air Max
Nike, 18, Air Max
Nike, 42, Air Max
Nike, 927, Air Max
Nike, 635, Air Max
Nike, 31, Air Max
Nike, 77, Air Max
Nike, 10, Air Max
Nike, 62, Air Max
Nike, 193, Air Max
Nike, 148, Air Max
Nike, 29, Air Max
Nike, 18, Air Max
Nike, 42, Air Max
Nike, 13, Air Max
Nike, 35, Air Max
Nike, 252, Air Max
Nike, 74, Air Max
Nike, 162, Air Max
Nike, 628, Air Max
Nike, 18, Air Max
Nike, 91, Air Max
Nike, 9, Air Max
Nike, 4, Air Max
Nike, 48, Air Max
Nike, 68, Air Max
Nike, 76, Air Max
Nike, 11, Air Max
Nike, 35, Air Max
Nike, 1, Air Max
Nike, 5, Air Max
Nike, 123, Air Max
Nike, 24, Air Max
Nike, 9, Air Max
Nike, 10, Air Max
Nike, 7, Air Max
Nike, 73, Air Max
Nike, 13, Air Max
Nike, 106, Air Max
Nike, 21, Air Max
Nike, 38, Air Max
Nike, 18, Air Max
Nike, 248, Air Max
Nike, 77, Air Max
Nike, 13, Air Max
Nike, 28, Air Max
Nike, 28, Air Max
Nike, 488, Air Max
Nike, 15, Air Max
Nike, 94, Air Max
Nike, 226, Air Max
Nike, 6, Air Max
Nike, 26, Air Max
Nike, 13, Air Max
Nike, 346, Air Max
Nike, 283, Air Max
Nike, 277, Air Max
Nike, 214, Air Max
Nike, 1596, Air Max
Nike, 225, Air Max
Nike, 373, Air Max
Nike, 4, Air Max
Nike, 62, Air Max
Nike, 353, Air Max
Nike, 127, Air Max
Nike, 22, Air Max
Nike, 26, Air Max
Nike, 4101, Air Max
Nike, 662, Air Max
Nike, 79, Air Max
Nike, 199, Air Max
Nike, 11, Air Max
Nike, 479, Air Max
Nike, 208, Air Max
Nike, 969, Air Max
Nike, 1288, Air Max
Nike, 954, Air Max
Nike, 107, Air Max
Nike, 295, Air Max
Nike, 455, Air Max
Nike, 133, Air Max
Nike, 159, Air Max
Nike, 141, Air Max
Nike, 101, Air Max
Nike, 740, Air Max
Nike, 135, Air Max
Nike, 109, Air Max
Nike, 522, Air Max
Nike, 306, Air Max
Nike, 353, Air Max
Nike, 778, Air Max
Nike, 610, Air Max
Nike, 2252, Air Max
Nike, 338, Air Max
Nike, 92, Air Max
Nike, 43, Air Max
Nike, 67, Air Max
Nike, 107, Air Max
Nike, 796, Air Max
Nike, 463, Air Max
Nike, 12, Air Max
Nike, 2, Air Max
Nike, 24, Air Max
Nike, 72, Air Max
Nike, 408, Air Max
Nike, 34, Air Max
Nike, 242, Air Max
Nike, 23, Air Max
Nike, 21, Air Max
Nike, 13, Air Max
Nike, 23, Air Max
Nike, 44, Air Max
Nike, 3, Air Max
Nike, 588, Air Max
Nike, 1182, Air Max
Nike, 6, Air Max
Nike, 271, Air Max
Nike, 91, Air Max
Nike, 113, Air Max
Nike, 172, Air Max
Nike, 2567, Air Max
Nike, 100, Air Max
Nike, 209, Air Max
Nike, 1565, Air Max
Nike, 10, Air Max
Nike, 182, Air Max
Nike, 107, Air Max
Nike, 120, Air Max
Nike, 192, Air Max
Nike, 1163, Air Max
Nike, 221, Air Max
Nike, 66, Air Max
Nike, 320, Air Max
Nike, 67, Air Max
Nike, 204, Air Max
Nike, 15, Air Max
Nike, 24, Air Max
Nike, 36, Air Max
Nike, 284, Air Max
Nike, 599, Air Max
Nike, 1264, Air Max
Nike, 52, Air Max
Nike, 314, Air Max
Nike, 7, Air Max
Nike, 16, Air Max
Nike, 2, Air Max
Nike, 3, Air Max
Nike, 2, Air Max
Nike, 3, Air Max
Nike, 57, Air Max
Nike, 17, Air Max
Nike, 6, Air Max
Nike, 64, Air Max
Nike, 231, Air Max
Nike, 59, Air Max
Nike, 140, Air Max
Nike, 57, Air Max
Nike, 130, Air Max
Nike, 10, Air Max
Nike, 77, Air Max
Nike, 33, Air Max
Nike, 23, Air Max
Nike, 46, Air Max
Nike, 305, Air Max
Nike, 415, Air Max
Nike, 28, Air Max
Nike, 295, Air Max
Nike, 163, Air Max
Nike, 50, Air Max
Nike, 3, Air Max
Nike, 2, Air Max
Nike, 18, Air Max
Nike, 17, Air Max
Nike, 45, Air Max
Nike, 1, Air Max
Nike, 11, Air Max
Nike, 9, Air Max
Nike, 99, Air Max
Nike, 8, Air Max
Nike, 20, Air Max
Nike, 9, Air Max
Nike, 3, Air Max
Nike, 15, Air Max
Nike, 1, Air Max
Nike, 2, Air Max
Nike, 8, Air Max
Nike, 15, Air Max
Nike, 32, Air Max
Nike, 45, Air Max
Nike, 30, Air Max
Nike, 11, Air Max
Nike, 38, Air Max
Nike, 62, Air Max
Nike, 4, Air Max
Nike, 13, Air Max
Nike, 33, Air Max
Nike, 6, Air Max
Nike, 1, Air Max
Nike, 116, Air Max
Nike, 31, Air Max
Nike, 2, Air Max
Nike, 3, Air Max
Nike, 36, Air Max
Nike, 40, Air Max
Nike, 60, Air Max
Nike, 194, Air Max
Nike, 66, Air Max
Nike, 87, Air Max
Nike, 1298, Air Max
Nike, 335, Air Max
Nike, 31, Air Max
Nike, 142, Air Max
Nike, 22, Air Max
Nike, 28, Air Max
Nike, 150, Air Max
Nike, 174, Air Max
Nike, 115, Air Max
Nike, 56, Air Max
Nike, 26, Air Max
Nike, 39, Air Max
Nike, 90, Air Max
Nike, 114, Air Max
Nike, 540, Air Max
Nike, 29, Air Max
Nike, 295, Air Max
Nike, 6, Air Max
Nike, 80, Air Max
Nike, 4, Air Max
Nike, 5, Air Max
Nike, 42, Air Max
Nike, 29, Air Max
Nike, 139, Air Max
Nike, 1058, Air Max
Nike, 347, Air Max
Nike, 20, Air Max
Nike, 112, Air Max
Nike, 153, Air Max
Nike, 646, Air Max
Nike, 1289, Air Max
Nike, 1380, Air Max
Nike, 39, Air Max
Nike, 74, Air Max
Nike, 6, Air Max
Nike, 8, Air Max
Nike, 124, Air Max
Nike, 64, Air Max
Nike, 119, Air Max
Nike, 69, Air Max
Nike, 73, Air Max
Nike, 34, Air Max
Nike, 375, Air Max
Nike, 43, Air Max
Nike, 288, Air Max
Nike, 72, Air Max
Nike, 26, Air Max
Nike, 49, Air Max
Nike, 1045, Air Max
Nike, 2393, Air Max
Nike, 792, Air Max
Nike, 26, Air Max
Nike, 5, Air Max
Nike, 63, Air Max
Nike, 73, Air Max
Nike, 56, Air Max
Nike, 246, Air Max
Nike, 174, Air Max
Nike, 855, Air Max
Nike, 76, Air Max
Nike, 256, Air Max
Nike, 306, Air Max
Nike, 2, Air Max
Nike, 58, Air Max
Nike, 20, Air Max
Nike, 951, Air Max
Nike, 231, Air Max
Nike, 18, Air Max
Nike, 533, Air Max
Nike, 140, Air Max
Nike, 241, Air Max
Nike, 76, Air Max
Nike, 4, Air Max
Nike, 1578, Air Max
Nike, 577, Air Max
Nike, 31, Air Max
Nike, 330, Air Max
Nike, 145, Air Max
Nike, 219, Air Max
Nike, 34, Air Max
Nike, 950, Air Max
Nike, 217, Air Max
Nike, 482, Air Max
Nike, 2365, Air Max
Nike, 468, Air Max
Nike, 1673, Air Max
Nike, 123, Air Max
Nike, 12, Air Max
Nike, 311, Air Max
Nike, 85, Air Max
Nike, 305, Air Max
Nike, 394, Air Max
Nike, 49, Air Max
Nike, 114, Air Max
Nike, 79, Air Max
Nike, 191, Air Max
Nike, 208, Air Max
Nike, 61, Air Max
Nike, 138, Air Max
Nike, 87, Air Max
Nike, 6410, Air Max
Nike, 1, Air Max
Nike, 99, Air Max
Nike, 28, Air Max
Nike, 2, Air Max
Nike, 18, Air Max
Nike, 376, Air Max
Nike, 60, Air Max
Nike, 79, Air Max
Nike, 52, Air Max
Nike, 39, Air Max
Nike, 53, Air Max
Nike, 46, Air Max
Nike, 5, Air Max
Nike, 398, Air Max
Nike, 13, Air Max
Nike, 237, Air Max
Nike, 40, Air Max
Nike, 102, Air Max
Nike, 143, Air Max
Nike, 76, Air Max
Nike, 19, Air Max
Nike, 51, Air Max
Nike, 87, Air Max
Nike, 177, Air Max
Nike, 118, Air Max
Nike, 62, Air Max
Nike, 22, Air Max
Nike, 1360, Air Max
Nike, 185, Air Max
Nike, 150, Air Max
Nike, 3, Air Max
Nike, 14, Air Max
Nike, 60, Air Max
Nike, 664, Air Max
Nike, 15, Air Max
Nike, 662, Air Max
Nike, 178, Air Max
Nike, 10, Air Max
Nike, 153, Air Max
Nike, 11, Air Max
Nike, 216, Air Max
Nike, 71, Air Max
Nike, 190, Air Max
Nike, 866, Air Max
Nike, 189, Air Max
Nike, 710, Air Max
Nike, 25, Air Max
Nike, 37, Air Max
Nike, 27, Air Max
Nike, 5, Air Max
Nike, 17, Air Max
Nike, 1, Air Max
Nike, 14, Air Max
Nike, 8, Air Max
Nike, 1, Air Max
Nike, 320, Air Max
Nike, 31, Air Max
Nike, 6, Air Max
Nike, 177, Air Max
Nike, 97, Air Max
Nike, 9, Air Max
Nike, 2, Air Max
Nike, 6, Air Max
Nike, 60, Air Max
Nike, 1, Air Max
Nike, 27, Air Max
Nike, 2, Air Max
Nike, 89, Air Max
Nike, 54, Air Max
Nike, 526, Air Max
Nike, 30, Air Max
Nike, 108, Air Max
Nike, 6, Air Max
Nike, 1521, Air Max
Nike, 27, Air Max
Nike, 2, Air Max
Nike, 8, Air Max
Nike, 16, Air Max
Nike, 39, Air Max
Nike, 81, Air Max
Nike, 10, Air Max
Nike, 31, Air Max
Nike, 36, Air Max
Nike, 1557, Air Max
Nike, 12, Air Max
Nike, 9, Air Max
Nike, 32, Air Max
Nike, 1, Air Max
Nike, 77, Air Max
Nike, 34, Air Max
Nike, 12, Air Max
Nike, 60, Air Max
Nike, 5, Air Max
Nike, 270, Air Max
Nike, 375, Air Max
Nike, 200, Air Max
Nike, 568, Air Max
Nike, 367, Air Max
Nike, 3, Air Max
Nike, 8, Air Max
Nike, 784, Air Max
Nike, 229, Air Max
Nike, 1262, Air Max
Nike, 35, Air Max
Nike, 184, Air Max
Nike, 612, Air Max
Nike, 493, Air Max
Nike, 46, Air Max
Nike, 1679, Air Max
Nike, 245, Air Max
Nike, 12, Air Max
Nike, 112, Air Max
Nike, 396, Air Max
Nike, 85, Air Max
Nike, 505, Air Max
Nike, 34, Air Max
Nike, 107, Air Max
Nike, 17, Air Max
Nike, 35, Air Max
Nike, 132, Air Max
Nike, 1, Air Max
Nike, 242, Air Max
Nike, 1, Air Max
Nike, 15, Air Max
Nike, 38, Air Max
Nike, 7, Air Max
Nike, 53, Air Max
Nike, 89, Air Max
Nike, 7, Air Max
Nike, 46, Air Max
Nike, 26, Air Max
Nike, 51, Air Max
Nike, 90, Air Max
Nike, 5, Air Max
Nike, 949, Air Max
Nike, 384, Air Max
Nike, 76, Air Max
Nike, 116, Air Max
Nike, 161, Air Max
Nike, 72, Air Max
Nike, 128, Air Max
Nike, 55, Air Max
Nike, 9, Air Max
Nike, 9, Air Max
Nike, 122, Air Max
Nike, 237, Air Max
Nike, 525, Air Max
Nike, 97, Air Max
Nike, 434, Air Max
Nike, 96, Air Max
Nike, 633, Air Max
Nike, 40, Air Max
Nike, 6, Air Max
Nike, 5198, Air Max
Nike, 32, Air Max
Nike, 689, Air Max
Nike, 238, Air Max
Nike, 42, Air Max
Nike, 370, Air Max
Nike, 529, Air Max
Nike, 739, Air Max
Nike, 232, Air Max
Nike, 41, Air Max
Nike, 944, Air Max
Nike, 3, Air Max
Nike, 157, Air Max
Nike, 8, Air Max
Nike, 4, Air Max
Nike, 473, Air Max
Nike, 9, Air Max
Nike, 47, Air Max
Nike, 7, Air Max
Nike, 2, Air Max
Nike, 7, Air Max
Nike, 1, Air Max
Nike, 426, Air Max
Nike, 48, Air Max
Nike, 246, Air Max
Nike, 3, Air Max
Nike, 71, Air Max
Nike, 285, Air Max
Nike, 2, Air Max
Nike, 1, Air Max
Nike, 1, Air Max
Nike, 20, Air Max
Nike, 35, Air Max
Nike, 7, Air Max
Nike, 314, Air Max
Nike, 180, Air Max
Nike, 333, Air Max
Nike, 97, Air Max
Nike, 69, Air Max
Nike, 4, Air Max
Nike, 527, Air Max
Nike, 1, Air Max
Nike, 1084, Air Max
Nike, 42, Air Max
Nike, 3, Air Max
Nike, 1619, Air Max
Nike, 473, Air Max
Nike, 5, Air Max
Nike, 270, Air Max
Nike, 117, Air Max
Nike, 1, Air Max
Nike, 5, Air Max
Nike, 12, Air Max
Nike, 49, Air Max
Nike, 10, Air Max
Nike, 94, Air Max
Nike, 284, Air Max
Nike, 12, Air Max
Nike, 441, Air Max
Nike, 107, Air Max
Nike, 140, Air Max
Nike, 64, Air Max
Nike, 34, Air Max
Nike, 143, Air Max
Nike, 155, Air Max
Nike, 91, Air Max
Nike, 3, Air Max
Nike, 4, Air Max
Nike, 1, Air Max
Nike, 1, Air Max
Nike, 1, Air Max
Nike, 2, Air Max
Nike, 1, Air Max
Nike, 133, Air Max
Nike, 9, Air Max
Nike, 1, Air Max
Nike, 3, Air Max
Nike, 4, Air Max
Nike, 1, Air Max
Nike, 1, Air Max
Nike, 5, Air Max
Nike, 1, Air Max
Nike, 31, Air Max
Nike, 8, Air Max
Nike, 5, Air Max
Nike, 2, Air Max
Nike, 3, Air Max
Nike, 5, Air Max
Nike, 2, Air Max
Nike, 5, Air Max
Nike, 3, Air Max
Nike, 3, Air Max
Nike, 2, Air Max
Nike, 3, Air Max
Nike, 1, Air Max
Nike, 5, Air Max
Nike, 1, Air Max
Nike, 16, Air Max
Nike, 8, Air Max
Nike, 2, Air Max
Nike, 2, Air Max
Nike, 1, Air Max
Nike, 2, Air Max
Nike, 2, Air Max
Nike, 1, Air Max
Nike, 7, Air Max
Nike, 13, Air Max
Nike, 18, Air Max
Nike, 10, Air Max
Nike, 6, Air Max
Nike, 79, Air Max
Nike, 3, Air Max
Nike, 7, Air Max
Nike, 4, Air Max
Nike, 106, Air Max
Nike, 2, Air Max
Nike, 8, Air Max
Nike, 5, Air Max
Nike, 22, Air Max
Nike, 1, Air Max
Nike, 3, Air Max
Nike, 27, Air Max
Nike, 1, Air Max
Nike, 10, Air Max
Nike, 4, Air Max
Nike, 2, Air Max
Nike, 3, Air Max
Nike, 6, Air Max
Nike, 5, Air Max
Nike, 128, Air Max
Nike, 3, Air Max
Nike, 2, Air Max
Nike, 1, Air Max
Nike, 2, Air Max
Nike, 2, Air Max
Nike, 1, Air Max
Nike, 4, Air Max
Nike, 17, Air Max
Nike, 7, Air Max
Nike, 2, Air Max
Nike, 2, Air Max
Nike, 4, Air Max
Nike, 1, Air Max
Nike, 3, Air Max
Nike, 150, Air Max
Nike, 1, Air Max
Nike, 2, Air Max
Nike, 9, Air Max
Nike, 1, Air Max
Nike, 1, Air Max
Nike, 4, Air Max
Nike, 1, Air Max
Nike, 1, Air Max
Nike, 1, Air Max
Nike, 2, Air Max
Nike, 4, Air Max
Nike, 16, Air Max
Nike, 1, Air Max
Nike, 2, Air Max
Nike, 1, Basketball
Nike, 10, Basketball
Nike, 28, Basketball
Nike, 11, Basketball
Nike, 154, Basketball
Nike, 29, Basketball
Nike, 1, Basketball
Nike, 139, Basketball
Nike, 13, Basketball
Nike, 31, Basketball
Nike, 49, Basketball
Nike, 29, Basketball
Nike, 14, Basketball
Nike, 8, Basketball
Nike, 2951, Basketball
Nike, 684, Basketball
Nike, 516, Basketball
Nike, 1, Basketball
Nike, 69, Basketball
Nike, 61, Basketball
Nike, 3, Basketball
Nike, 5, Basketball
Nike, 2, Basketball
Nike, 67, Basketball
Nike, 2, Basketball
Nike, 11, Basketball
Nike, 19, Basketball
Nike, 12, Basketball
Nike, 5, Basketball
Nike, 2, Basketball
Nike, 9, Basketball
Nike, 2, Basketball
Nike, 3, Basketball
Nike, 281, Basketball
Nike, 111, Basketball
Nike, 5, Basketball
Nike, 53, Basketball
Nike, 18, Basketball
Nike, 4, Basketball
Nike, 12, Basketball
Nike, 34, Basketball
Nike, 56, Basketball
Nike, 8, Basketball
Nike, 1, Basketball
Nike, 119, Basketball
Nike, 136, Basketball
Nike, 144, Basketball
Nike, 4, Basketball
Nike, 59, Basketball
Nike, 48, Basketball
Nike, 147, Basketball
Nike, 3, Basketball
Nike, 6, Basketball
Nike, 1, Basketball
Nike, 39, Basketball
Nike, 1, Basketball
Nike, 19, Basketball
Nike, 166, Basketball
Nike, 135, Basketball
Nike, 2, Basketball
Nike, 26, Basketball
Nike, 20, Basketball
Nike, 20, Basketball
Nike, 3, Basketball
Nike, 282, Basketball
Nike, 17, Basketball
Nike, 7, Basketball
Nike, 5, Basketball
Nike, 5, Basketball
Nike, 3, Basketball
Nike, 1, Basketball
Nike, 12, Basketball
Nike, 2, Basketball
Nike, 27, Basketball
Nike, 9, Basketball
Nike, 3, Basketball
Nike, 8, Basketball
Nike, 2, Basketball
Nike, 1, Basketball
Nike, 5, Basketball
Nike, 3, Basketball
Nike, 55, Basketball
Nike, 56, Basketball
Nike, 5, Basketball
Nike, 17, Basketball
Nike, 30, Basketball
Nike, 53, Basketball
Nike, 1, Basketball
Nike, 2, Basketball
Nike, 93, Basketball
Nike, 3, Basketball
Nike, 7, Basketball
Nike, 4, Basketball
Nike, 115, Basketball
Nike, 95, Basketball
Nike, 149, Basketball
Nike, 12, Basketball
Nike, 3, Basketball
Nike, 1, Basketball
Nike, 1, Basketball
Nike, 1, Basketball
Nike, 78, Basketball
Nike, 11, Basketball
Nike, 1, Basketball
Nike, 114, Basketball
Nike, 3, Basketball
Nike, 11, Basketball
Nike, 24, Basketball
Nike, 192, Basketball
Nike, 1, Basketball
Nike, 8, Basketball
Nike, 7, Basketball
Nike, 44, Basketball
Nike, 10, Basketball
Nike, 10, Basketball
Nike, 34, Basketball
Nike, 236, Basketball
Nike, 102, Basketball
Nike, 27, Basketball
Nike, 11, Basketball
Nike, 21, Basketball
Nike, 230, Basketball
Nike, 30, Basketball
Nike, 3, Basketball
Nike, 5, Basketball
Nike, 13, Basketball
Nike, 15, Basketball
Nike, 14, Basketball
Nike, 3, Basketball
Nike, 47, Basketball
Nike, 10, Basketball
Nike, 7, Basketball
Nike, 14, Basketball
Nike, 2, Basketball
Nike, 3, Basketball
Nike, 83, Basketball
Nike, 207, Basketball
Nike, 17, Basketball
Nike, 25, Basketball
Nike, 1, Basketball
Nike, 10, Basketball
Nike, 60, Basketball
Nike, 110, Basketball
Nike, 317, Basketball
Nike, 204, Basketball
Nike, 129, Basketball
Nike, 64, Basketball
Nike, 147, Basketball
Nike, 899, Basketball
Nike, 234, Basketball
Nike, 111, Basketball
Nike, 381, Basketball
Nike, 261, Basketball
Nike, 352, Basketball
Nike, 463, Basketball
Nike, 195, Basketball
Nike, 56, Basketball
Nike, 10, Basketball
Nike, 99, Basketball
Nike, 60, Basketball
Nike, 98, Basketball
Nike, 8, Basketball
Nike, 53, Basketball
Nike, 292, Basketball
Nike, 256, Basketball
Nike, 195, Basketball
Nike, 42, Basketball
Nike, 33, Basketball
Nike, 189, Basketball
Nike, 85, Basketball
Nike, 316, Basketball
Nike, 50, Basketball
Nike, 290, Basketball
Nike, 42, Basketball
Nike, 41, Basketball
Nike, 93, Basketball
Nike, 337, Basketball
Nike, 637, Basketball
Nike, 45, Basketball
Nike, 202, Basketball
Nike, 277, Basketball
Nike, 326, Basketball
Nike, 13, Basketball
Nike, 164, Basketball
Nike, 37, Basketball
Nike, 448, Basketball
Nike, 94, Basketball
Nike, 173, Basketball
Nike, 103, Basketball
Nike, 33, Basketball
Nike, 157, Basketball
Nike, 38, Basketball
Nike, 128, Basketball
Nike, 25, Basketball
Nike, 134, Basketball
Nike, 683, Basketball
Nike, 9, Basketball
Nike, 5, Basketball
Nike, 125, Basketball
Nike, 49, Basketball
Nike, 23, Basketball
Nike, 11, Basketball
Nike, 153, Basketball
Nike, 93, Basketball
Nike, 65, Basketball
Nike, 4, Basketball
Nike, 2, Basketball
Nike, 41, Basketball
Nike, 14, Basketball
Nike, 4, Basketball
Nike, 4, Basketball
Nike, 4, Basketball
Nike, 3, Basketball
Nike, 8, Basketball
Nike, 24, Basketball
Nike, 31, Basketball
Nike, 14, Basketball
Nike, 23, Basketball
Nike, 41, Basketball
Nike, 19, Basketball
Nike, 1, Basketball
Nike, 3, Basketball
Nike, 1, Basketball
Nike, 3, Basketball
Nike, 101, Basketball
Nike, 60, Basketball
Nike, 19, Basketball
Nike, 12, Basketball
Nike, 7, Basketball
Nike, 18, Basketball
Nike, 149, Basketball
Nike, 1, Basketball
Nike, 234, Basketball
Nike, 1, Basketball
Nike, 72, Basketball
Nike, 1, Basketball
Nike, 5, Basketball
Nike, 6, Basketball
Nike, 1, Basketball
Nike, 47, Basketball
Nike, 122, Basketball
Nike, 76, Basketball
Nike, 51, Basketball
Nike, 45, Basketball
Nike, 31, Basketball
Nike, 12, Basketball
Nike, 12, Basketball
Nike, 84, Basketball
Nike, 111, Kyrie
Nike, 25, Kyrie
Nike, 59, Kyrie
Nike, 11, Kyrie
Nike, 27, Kyrie
Nike, 28, Kyrie
Nike, 31, Kyrie
Nike, 45, Kyrie
Nike, 20, Kyrie
Nike, 83, Kyrie
Nike, 1, Kyrie
Nike, 11, Kyrie
Nike, 20, Kyrie
Nike, 28, Kyrie
Nike, 57, Kyrie
Nike, 4, Kyrie
Nike, 18, Kyrie
Nike, 71, Kyrie
Nike, 17, Kyrie
Nike, 14, Kyrie
Nike, 123, Kyrie
Nike, 13, Kyrie
Nike, 85, Kyrie
Nike, 6, Kyrie
Nike, 21, Kyrie
Nike, 37, Kyrie
Nike, 38, Kyrie
Nike, 96, Kyrie
Nike, 61, Kyrie
Nike, 3, Kyrie
Nike, 15, Kyrie
Nike, 8, Kyrie
Nike, 17, Kyrie
Nike, 15, Kyrie
Nike, 14, Kyrie
Nike, 7, Kyrie
Nike, 3, Kyrie
Nike, 13, Kyrie
Nike, 63, Kyrie
Nike, 27, Kyrie
Nike, 22, Kyrie
Nike, 91, Kyrie
Nike, 27, Kyrie
Nike, 71, Kyrie
Nike, 27, Kyrie
Nike, 207, Kyrie
Nike, 12, Kyrie
Nike, 12, Kyrie
Nike, 91, Kyrie
Nike, 49, Kyrie
Nike, 144, Kyrie
Nike, 27, Kyrie
Nike, 20, Kyrie
Nike, 108, Kyrie
Nike, 1, Kyrie
Nike, 393, Kyrie
Nike, 4, Kyrie
Nike, 11, Kyrie
Nike, 192, Kyrie
Nike, 64, Kyrie
Nike, 15, Kyrie
Nike, 28, Kyrie
Nike, 31, Kyrie
Nike, 59, Kyrie
Nike, 33, Kyrie
Nike, 19, Kyrie
Nike, 276, Kyrie
Nike, 9, Kyrie
Nike, 223, Kyrie
Nike, 2, Kyrie
Nike, 218, Kyrie
Nike, 782, Kyrie
Nike, 27, Kyrie
Nike, 128, Kyrie
Nike, 28, Kyrie
Nike, 49, Kyrie
Nike, 191, Kyrie
Nike, 8, Kyrie
Nike, 121, Kyrie
Nike, 2, Kyrie
Nike, 438, Kyrie
Nike, 79, Kyrie
Nike, 196, Kyrie
Nike, 89, Kyrie
Nike, 698, Kyrie
Nike, 107, Kyrie
Nike, 626, Kyrie
Nike, 700, Kyrie
Nike, 10, Kyrie
Nike, 4, Kyrie
Nike, 840, Kyrie
Nike, 50, Kyrie
Nike, 452, Kyrie
Nike, 14, Kyrie
Nike, 1, Kyrie
Nike, 13, Kyrie
Nike, 14, Kyrie
Nike, 3003, Kyrie
Nike, 329, Kyrie
Nike, 103, Kyrie
Nike, 64, Kyrie
Nike, 176, Kyrie
Nike, 164, Kyrie
Nike, 559, Kyrie
Nike, 1, Kyrie
Nike, 7, Kyrie
Nike, 9, Kyrie
Nike, 24, Kyrie
Nike, 228, Kyrie
Nike, 16, Kyrie
Nike, 294, Kyrie
Nike, 2113, Kyrie
Nike, 12, Kyrie
Nike, 209, Kyrie
Nike, 1707, Kyrie
Nike, 3, Kyrie
Nike, 33, Kyrie
Nike, 1, Kyrie
Nike, 31, Kyrie
Nike, 13, Kyrie
Nike, 56, Kyrie
Nike, 46, Kyrie
Nike, 10, Basketball
Nike, 8, Basketball
Nike, 4, Basketball
Nike, 22, Basketball
Nike, 52, Basketball
Nike, 35, Basketball
Nike, 4, Basketball
Nike, 46, Basketball
Nike, 42, Basketball
Nike, 3, Basketball
Nike, 1, Basketball
Nike, 42, Basketball
Nike, 1, Basketball
Nike, 91, Basketball
Nike, 141, Basketball
Nike, 4, Basketball
Nike, 201, Basketball
Nike, 11, Basketball
Nike, 11, Basketball
Nike, 2, Basketball
Nike, 107, Basketball
Nike, 17, Basketball
Nike, 197, Basketball
Nike, 113, Basketball
Nike, 32, Kyrie
Nike, 27, Kyrie
Nike, 28, Kyrie
Nike, 36, Kyrie
Nike, 1, Basketball
Nike, 1, Basketball
Nike, 550, Basketball
Nike, 474, Basketball
Nike, 471, Basketball
Nike, 2, Basketball
Nike, 578, Basketball
Nike, 1, Basketball
Nike, 42, Basketball
Nike, 5318, Basketball
Nike, 5613, Basketball
Nike, 1167, Basketball
Nike, 21, Basketball
Nike, 13, Basketball
Nike, 8, Basketball
Nike, 22, Basketball
Nike, 14, Basketball
Nike, 14, Basketball
Nike, 1, Basketball
Nike, 1, Basketball
Nike, 73, Basketball
Nike, 7, Basketball
Nike, 7, Basketball
Nike, 6, Basketball
Nike, 1, Basketball
Nike, 373, Basketball
Nike, 76, Basketball
Nike, 6, Basketball
Nike, 3, Basketball
Nike, 7, Basketball
Nike, 2, Basketball
Nike, 4, Basketball
Nike, 11, Basketball
Nike, 1, Basketball
Nike, 5, Basketball
Nike, 15, Basketball
Nike, 10, Basketball
Nike, 7, Basketball
Nike, 9, Basketball
Nike, 5, Basketball
Nike, 1, Basketball
Nike, 9, Basketball
Nike, 10, Basketball
Nike, 9, Basketball
Nike, 3, Basketball
Nike, 21, Basketball
Nike, 34, Basketball
Nike, 3, Basketball
Nike, 14, Basketball
Nike, 12, Basketball
Nike, 17, Basketball
Nike, 1, Basketball
Nike, 4, Basketball
Nike, 4, Basketball
Nike, 13, Basketball
Nike, 4, Basketball
Nike, 3, Basketball
Nike, 3, Basketball
Nike, 4, Basketball
Nike, 1, Basketball
Nike, 13, Basketball
Nike, 11, Basketball
Nike, 15, Basketball
Nike, 1, Basketball
Nike, 113, Basketball
Nike, 35, Basketball
Nike, 14, Basketball
Nike, 16, Basketball
Nike, 9, Basketball
Nike, 2, Basketball
Nike, 3, Basketball
Nike, 2, Basketball
Nike, 3, Basketball
Nike, 2, Basketball
Nike, 29, Basketball
Nike, 22, Basketball
Nike, 6, Basketball
Nike, 124, Basketball
Nike, 1, Basketball
Nike, 42, Basketball
Nike, 3, Basketball
Nike, 2, Basketball
Nike, 6, Kyrie
Nike, 4, Basketball
Nike, 5, Basketball
Nike, 37, Basketball
Nike, 4, Basketball
Nike, 21, Basketball
Nike, 29, Basketball
Nike, 42, Basketball
Nike, 36, Basketball
Nike, 5, Basketball
Nike, 5, Basketball
Nike, 1, Basketball
Nike, 4, Basketball
Nike, 8, Basketball
Nike, 3, Basketball
Nike, 8, Basketball
Nike, 29, Basketball
Nike, 6, Basketball
Nike, 2, Basketball
Nike, 2, Basketball
Nike, 1, Basketball
Nike, 1, Basketball
Nike, 9, Basketball
Nike, 1, Basketball
Nike, 7, Basketball
Nike, 13, Basketball
Nike, 3, Basketball
Nike, 5, Basketball
Nike, 13, Kyrie
Nike, 278, Kyrie
Nike, 5, Basketball
Nike, 41, PG
Nike, 128, PG
Nike, 133, PG
Nike, 18, PG
Nike, 132, PG
Nike, 123, PG
Nike, 38, PG
Nike, 34, PG
Nike, 86, PG
Nike, 13, PG
Nike, 77, PG
Nike, 1, PG
Nike, 7, PG
Nike, 135, PG
Nike, 211, PG
Nike, 52, PG
Nike, 121, PG
Nike, 20, PG
Nike, 47, PG
Nike, 28, PG
Nike, 96, PG
Nike, 954, PG
Nike, 1, PG
Nike, 36, PG
Nike, 4, PG
Nike, 83, PG
Nike, 40, PG
Nike, 46, PG
Nike, 994, PG
Nike, 553, PG
Nike, 6134, PG
Nike, 517, PG
Nike, 5, PG
Nike, 1121, PG
Nike, 38, PG
Nike, 14, PG
Nike, 22, Basketball
Nike, 16, Basketball
Nike, 82, Basketball
Nike, 6, Basketball
Nike, 262, Basketball
Nike, 776, Basketball
Nike, 1, Basketball
Nike, 9, Basketball
Nike, 14, Basketball
Nike, 147, Basketball
Nike, 8, Basketball
Nike, 146, Basketball
Nike, 25, Basketball
Nike, 15, Basketball
Nike, 4, Basketball
Nike, 3, Basketball
Nike, 44, Basketball
Nike, 2, Basketball
Nike, 93, Basketball
Nike, 58, Basketball
Nike, 135, Basketball
Nike, 10, Basketball
Nike, 2, Basketball
Nike, 60, Basketball
Nike, 9, Basketball
Nike, 179, Basketball
Nike, 73, Basketball
Nike, 123, Basketball
Nike, 3, Basketball
Nike, 18, Basketball
Nike, 5, Basketball
Nike, 3, Basketball
Nike, 16, Basketball
Nike, 10, Basketball
Nike, 35, Basketball
Nike, 1, Basketball
Nike, 14, Basketball
Nike, 177, Basketball
Nike, 17, Basketball
Nike, 7, Basketball
Nike, 59, Basketball
Nike, 17, Basketball
Nike, 231, Basketball
Nike, 10, Basketball
Nike, 16, Basketball
Nike, 2, Basketball
Nike, 21, Basketball
Nike, 6, Basketball
Nike, 15, PG
Nike, 41, PG
Nike, 130, PG
Nike, 1, PG
Nike, 146, PG
Nike, 270, PG
Nike, 131, PG
Nike, 24, PG
Nike, 50, PG
Nike, 1, PG
Nike, 66, PG
Nike, 73, PG
Nike, 9, PG
Nike, 10, Basketball
Nike, 17, Basketball
Nike, 39, Basketball
Nike, 10, Basketball
Nike, 5, Basketball
Nike, 7, Basketball
Nike, 4, Basketball
Nike, 42, Basketball
Nike, 5, Basketball
Nike, 10, Basketball
Nike, 26, Basketball
Nike, 12, Basketball
Nike, 11, Basketball
Nike, 1, Basketball
Nike, 116, Basketball
Nike, 3, Basketball
Nike, 8, Basketball
Nike, 79, Basketball
Nike, 23, Basketball
Nike, 2, Basketball
Nike, 8, Basketball
Nike, 1588, Basketball
Nike, 6, Basketball
Nike, 5, Basketball
Nike, 73, Basketball
Nike, 66, Basketball
Nike, 26, Basketball
Nike, 3, Basketball
Nike, 2, Basketball
Nike, 352, Basketball
Nike, 769, Basketball
Nike, 57, Basketball
Nike, 1, Basketball
Nike, 46, Kyrie
Nike, 46, Kyrie
Nike, 16, Kyrie
Nike, 51, Kyrie
Nike, 14, Kyrie
Nike, 3, Kyrie
Nike, 112, Kyrie
Nike, 11, Kyrie
Nike, 76, Kyrie
Nike, 6, Kyrie
Nike, 10, Kyrie
Nike, 88, Kyrie
Nike, 217, Kyrie
Nike, 337, Kyrie
Nike, 699, Kyrie
Nike, 8, Kyrie
Nike, 1062, Kyrie
Nike, 221, Kyrie
Nike, 8, Kyrie
Nike, 14, Basketball
Nike, 12, Basketball
Nike, 142, Basketball
Nike, 2, Basketball
Nike, 51, Basketball
Nike, 3, Basketball
Nike, 26, Basketball
Nike, 8, Basketball
Nike, 1, Basketball
Nike, 15, Basketball
Nike, 9, Basketball
Nike, 3, Basketball
Nike, 50, PG
Nike, 23, Basketball
Nike, 14, Basketball
Nike, 2, Basketball
Nike, 7, Basketball
Nike, 6, Basketball
Nike, 4, Basketball
Nike, 1, Basketball
Nike, 2, Basketball
Nike, 173, Basketball
Nike, 2, Basketball
Nike, 2, Basketball
Nike, 16, Basketball
Nike, 64, Basketball
Nike, 4, Basketball
Nike, 1, Kyrie
Nike, 10, Kyrie
Nike, 41, Kyrie
Nike, 48, Kyrie
Nike, 62, Kyrie
Nike, 65, Kyrie
Nike, 15, Kyrie
Nike, 2, Basketball
Nike, 2, Basketball
Nike, 2, Basketball
Nike, 3, Basketball
Nike, 1, Basketball
Nike, 2, Basketball
Nike, 5, Basketball
Nike, 1, Basketball
Nike, 9, Basketball
Nike, 1, Basketball
Nike, 18, PG
Nike, 8, Basketball
Nike, 2, Kyrie
Nike, 314, Kyrie
Nike, 3, Basketball
Nike, 39, Basketball
Nike, 1, Basketball
Nike, 2, Basketball
Nike, 1, Basketball
Nike, 1, Basketball
Nike, 1770, Kyrie
Nike, 1, Basketball
Nike, 1, Basketball
Nike, 2, Basketball
Nike, 1, Basketball
Nike, 31, Kyrie
Nike, 16, Kyrie
Nike, 1, Basketball
Nike, 8, Kyrie
Nike, 3, Basketball
Nike, 1, Basketball
Nike, 12, PG
Nike, 11, Basketball
Nike, 45, Basketball
Nike, 17, Basketball
Nike, 30, Basketball
Nike, 50, Basketball
Nike, 6, Basketball
Nike, 2, Basketball
Nike, 1, Basketball
Nike, 1, Basketball
Nike, 8, Basketball
Nike, 14, Basketball
Nike, 3, Basketball
Nike, 8, Basketball
Nike, 4, Basketball
Nike, 1, Basketball
Nike, 100, Basketball
Nike, 2, Basketball
Nike, 1, Basketball
Nike, 38, Basketball
Nike, 16, Basketball
Nike, 7, Basketball
Nike, 6, Basketball
Nike, 2, Kyrie
Nike, 21, Kyrie
Nike, 3, Kyrie
Nike, 13, Kyrie
Nike, 17, Basketball
Nike, 22, Basketball
Nike, 1, Basketball
Nike, 1, Basketball
Nike, 1, Basketball
Nike, 13, Basketball
Nike, 1, Basketball
Nike, 5, Basketball
Nike, 1, Basketball
Nike, 4, Basketball
Nike, 1, Basketball
Nike, 2, Basketball
Nike, 19, Basketball
Nike, 20, Basketball
Nike, 1, Basketball
Nike, 10, Basketball
Nike, 4, Basketball
Nike, 1, Basketball
Nike, 10, Basketball
Nike, 7, Basketball
Nike, 2, Basketball
Nike, 2, Basketball
Nike, 47, Basketball
Nike, 1, Basketball
Nike, 13, Basketball
Nike, 4, Basketball
Nike, 6, Basketball
Nike, 16, Basketball
Nike, 4, Basketball
Nike, 1, Basketball
Nike, 1, Basketball
Nike, 14, Basketball
Nike, 3, Basketball
Nike, 3, Basketball
Nike, 3, Basketball
Nike, 5, Basketball
Nike, 1, Basketball
Nike, 4, Basketball
Nike, 1, Basketball
Nike, 1, Basketball
Nike, 9, Basketball
Nike, 3, Basketball
Nike, 1, Basketball
Nike, 18, Basketball
Nike, 6, Basketball
Nike, 43, Basketball
Nike, 87, Kyrie
Nike, 19, Basketball
Nike, 1340, Foamposite
Nike, 66, Foamposite
Nike, 6, Foamposite
Nike, 3152, Foamposite
Nike, 12, Foamposite
Nike, 98, Foamposite
Nike, 233, Foamposite
Nike, 6, Foamposite
Nike, 684, Foamposite
Nike, 146, Foamposite
Nike, 44, Foamposite
Nike, 25, Foamposite
Nike, 570, Foamposite
Nike, 11, Foamposite
Nike, 6, Foamposite
Nike, 26, Foamposite
Nike, 762, Foamposite
Nike, 67, Foamposite
Nike, 34, Foamposite
Nike, 796, Foamposite
Nike, 55, Foamposite
Nike, 68, Foamposite
Nike, 241, Foamposite
Nike, 17, Foamposite
Nike, 594, Foamposite
Nike, 51, Foamposite
Nike, 2, Foamposite
Nike, 5, Foamposite
Nike, 9, Foamposite
Nike, 13, Foamposite
Nike, 272, Foamposite
Nike, 133, Foamposite
Nike, 22, Foamposite
Nike, 4, Foamposite
Nike, 2, Foamposite
Nike, 129, Foamposite
Nike, 3, Foamposite
Nike, 384, Foamposite
Nike, 160, Foamposite
Nike, 23, Foamposite
Nike, 5, Foamposite
Nike, 248, Foamposite
Nike, 68, Foamposite
Nike, 371, Foamposite
Nike, 137, Foamposite
Nike, 12, Foamposite
Nike, 176, Foamposite
Nike, 50, Foamposite
Nike, 276, Foamposite
Nike, 65, Foamposite
Nike, 208, Foamposite
Nike, 236, Foamposite
Nike, 47, Foamposite
Nike, 331, Foamposite
Nike, 9, Foamposite
Nike, 106, Foamposite
Nike, 330, Foamposite
Nike, 52, Foamposite
Nike, 1, Foamposite
Nike, 4, Foamposite
Nike, 212, Foamposite
Nike, 38, Foamposite
Nike, 101, Foamposite
Nike, 16, Foamposite
Nike, 650, Foamposite
Nike, 17, Foamposite
Nike, 5, Foamposite
Nike, 1120, Foamposite
Nike, 169, Foamposite
Nike, 5, Foamposite
Nike, 11, Foamposite
Nike, 6, Foamposite
Nike, 84, Foamposite
Nike, 103, Foamposite
Nike, 83, Foamposite
Nike, 73, Foamposite
Nike, 39, Foamposite
Nike, 6, Foamposite
Nike, 1, Foamposite
Nike, 5, Foamposite
Nike, 1, Foamposite
Nike, 81, Foamposite
Nike, 64, Foamposite
Nike, 120, Foamposite
Nike, 8, Foamposite
Nike, 2, Foamposite
Nike, 243, Foamposite
Nike, 45, Foamposite
Nike, 10, Foamposite
Nike, 13, Foamposite
Nike, 24, Foamposite
Nike, 5, Foamposite
Nike, 5, Foamposite
Nike, 111, Foamposite
Nike, 246, Foamposite
Nike, 1788, Foamposite
Nike, 181, Foamposite
Nike, 153, Foamposite
Nike, 947, Foamposite
Nike, 78, Foamposite
Nike, 1, Foamposite
Nike, 18, Foamposite
Nike, 12, Foamposite
Nike, 1, Foamposite
Nike, 272, Foamposite
Nike, 20, Foamposite
Nike, 30, Foamposite
Nike, 23, Foamposite
Nike, 56, Foamposite
Nike, 7, Foamposite
Nike, 4, Foamposite
Nike, 3, Foamposite
Nike, 66, Foamposite
Nike, 159, Foamposite
Nike, 22, Foamposite
Nike, 33, Foamposite
Nike, 401, Foamposite
Nike, 17, Foamposite
Nike, 259, Foamposite
Nike, 11, Foamposite
Nike, 972, Foamposite
Nike, 54, Foamposite
Nike, 4, Foamposite
Nike, 1, Foamposite
Nike, 305, Foamposite
Nike, 1, Foamposite
Nike, 341, Foamposite
Nike, 4, Foamposite
Nike, 104, Foamposite
Nike, 3, Foamposite
Nike, 130, Foamposite
Nike, 3, Foamposite
Nike, 215, Foamposite
Nike, 408, Foamposite
Nike, 37, Foamposite
Nike, 41, Foamposite
Nike, 31, Foamposite
Nike, 430, Foamposite
Nike, 332, Foamposite
Nike, 79, Foamposite
Nike, 2, Foamposite
Nike, 57, Foamposite
Nike, 209, Foamposite
Nike, 3, Foamposite
Nike, 2, Foamposite
Nike, 185, Foamposite
Nike, 22, Foamposite
Nike, 23, Foamposite
Nike, 61, Foamposite
Nike, 18, Foamposite
Nike, 72, Foamposite
Nike, 99, Foamposite
Nike, 219, Foamposite
Nike, 132, Foamposite
Nike, 71, Foamposite
Nike, 72, Foamposite
Nike, 169, Foamposite
Nike, 6, Foamposite
Nike, 41, Foamposite
Nike, 119, Foamposite
Nike, 91, Foamposite
Nike, 1, Foamposite
Nike, 22, Foamposite
Nike, 7, Foamposite
Nike, 1, Foamposite
Nike, 2, Foamposite
Nike, 1, Foamposite
Nike, 1, Foamposite
Nike, 50, KD
Nike, 383, KD
Nike, 115, KD
Nike, 9, KD
Nike, 11, KD
Nike, 193, KD
Nike, 116, KD
Nike, 1, KD
Nike, 269, KD
Nike, 9, KD
Nike, 14, KD
Nike, 4, KD
Nike, 90, KD
Nike, 19, KD
Nike, 19, KD
Nike, 70, KD
Nike, 89, KD
Nike, 137, KD
Nike, 235, KD
Nike, 18, KD
Nike, 73, KD
Nike, 4, KD
Nike, 76, KD
Nike, 4, KD
Nike, 9, KD
Nike, 62, KD
Nike, 5, KD
Nike, 114, KD
Nike, 1, KD
Nike, 58, KD
Nike, 51, KD
Nike, 1, KD
Nike, 24, KD
Nike, 2, KD
Nike, 17, KD
Nike, 2, KD
Nike, 33, KD
Nike, 1, KD
Nike, 1075, KD
Nike, 40, KD
Nike, 14, KD
Nike, 1, KD
Nike, 121, KD
Nike, 201, KD
Nike, 127, KD
Nike, 1, KD
Nike, 2, KD
Nike, 6, KD
Nike, 1, KD
Nike, 2, KD
Nike, 2, KD
Nike, 1, KD
Nike, 6, KD
Nike, 1, KD
Nike, 1, KD
Nike, 21, KD
Nike, 13, KD
Nike, 8, KD
Nike, 22, KD
Nike, 40, KD
Nike, 33, KD
Nike, 4, KD
Nike, 6, KD
Nike, 7, KD
Nike, 7, KD
Nike, 12, KD
Nike, 13, KD
Nike, 943, KD
Nike, 9, KD
Nike, 10, KD
Nike, 30, KD
Nike, 68, KD
Nike, 39, KD
Nike, 7, KD
Nike, 13, KD
Nike, 63, KD
Nike, 32, KD
Nike, 27, KD
Nike, 8, KD
Nike, 3, KD
Nike, 15, KD
Nike, 5, KD
Nike, 7, KD
Nike, 5, KD
Nike, 17, KD
Nike, 23, KD
Nike, 2, KD
Nike, 76, KD
Nike, 7, KD
Nike, 11, KD
Nike, 39, KD
Nike, 20, KD
Nike, 49, KD
Nike, 66, KD
Nike, 24, KD
Nike, 38, KD
Nike, 9, KD
Nike, 26, KD
Nike, 8, KD
Nike, 20, KD
Nike, 3, KD
Nike, 33, KD
Nike, 8, KD
Nike, 14, KD
Nike, 83, KD
Nike, 31, KD
Nike, 127, KD
Nike, 1, KD
Nike, 16, KD
Nike, 1, KD
Nike, 28, KD
Nike, 9, KD
Nike, 11, KD
Nike, 16, KD
Nike, 15, KD
Nike, 224, KD
Nike, 23, KD
Nike, 44, KD
Nike, 210, KD
Nike, 23, KD
Nike, 44, KD
Nike, 16, KD
Nike, 35, KD
Nike, 16, KD
Nike, 131, KD
Nike, 28, KD
Nike, 7, KD
Nike, 19, KD
Nike, 14, KD
Nike, 29, KD
Nike, 6, KD
Nike, 6, KD
Nike, 8, KD
Nike, 14, KD
Nike, 62, KD
Nike, 24, KD
Nike, 27, KD
Nike, 19, KD
Nike, 8, KD
Nike, 5, KD
Nike, 4, KD
Nike, 6, KD
Nike, 1, KD
Nike, 4, KD
Nike, 17, KD
Nike, 65, KD
Nike, 199, KD
Nike, 16, KD
Nike, 86, KD
Nike, 6, KD
Nike, 10, KD
Nike, 7, KD
Nike, 37, KD
Nike, 1, KD
Nike, 20, KD
Nike, 3, KD
Nike, 16, KD
Nike, 12, KD
Nike, 14, KD
Nike, 5, KD
Nike, 3, KD
Nike, 19, KD
Nike, 2, KD
Nike, 16, KD
Nike, 25, KD
Nike, 11, KD
Nike, 7, KD
Nike, 15, KD
Nike, 4, KD
Nike, 1, KD
Nike, 1, KD
Nike, 16, KD
Nike, 61, KD
Nike, 22, KD
Nike, 11, KD
Nike, 2, KD
Nike, 15, KD
Nike, 56, KD
Nike, 14, KD
Nike, 12, KD
Nike, 32, KD
Nike, 50, KD
Nike, 34, KD
Nike, 4, KD
Nike, 44, KD
Nike, 18, KD
Nike, 11, KD
Nike, 5, KD
Nike, 14, KD
Nike, 21, KD
Nike, 14, KD
Nike, 26, KD
Nike, 11, KD
Nike, 30, KD
Nike, 27, KD
Nike, 3, KD
Nike, 26, KD
Nike, 11, KD
Nike, 60, KD
Nike, 40, KD
Nike, 52, KD
Nike, 12, KD
Nike, 11, KD
Nike, 7, KD
Nike, 4, KD
Nike, 4, KD
Nike, 1, KD
Nike, 5, KD
Nike, 130, KD
Nike, 4, KD
Nike, 4, KD
Nike, 2, KD
Nike, 16, KD
Nike, 3, KD
Nike, 30, KD
Nike, 12, KD
Nike, 30, KD
Nike, 2, KD
Nike, 15, KD
Nike, 8, KD
Nike, 41, KD
Nike, 4, KD
Nike, 14, KD
Nike, 131, KD
Nike, 4, KD
Nike, 5, KD
Nike, 1, KD
Nike, 11, KD
Nike, 4, KD
Nike, 2, KD
Nike, 1, KD
Nike, 10, KD
Nike, 1, KD
Nike, 3, KD
Nike, 3, KD
Nike, 10, Kobe
Nike, 6, Kobe
Nike, 6, Kobe
Nike, 33, Kobe
Nike, 3, Kobe
Nike, 57, Kobe
Nike, 131, Kobe
Nike, 1417, Kobe
Nike, 27, Kobe
Nike, 34, Kobe
Nike, 505, Kobe
Nike, 828, Kobe
Nike, 1751, Kobe
Nike, 1806, Kobe
Nike, 20, Kobe
Nike, 218, Kobe
Nike, 208, Kobe
Nike, 237, Kobe
Nike, 848, Kobe
Nike, 253, Kobe
Nike, 402, Kobe
Nike, 1, Kobe
Nike, 2, Kobe
Nike, 25, Kobe
Nike, 20, Kobe
Nike, 12, Kobe
Nike, 2, Kobe
Nike, 3, Kobe
Nike, 18, Kobe
Nike, 109, Kobe
Nike, 177, Kobe
Nike, 26, Kobe
Nike, 16, Kobe
Nike, 56, Kobe
Nike, 47, Kobe
Nike, 13, Kobe
Nike, 1, Kobe
Nike, 42, Kobe
Nike, 18, Kobe
Nike, 23, Kobe
Nike, 35, Kobe
Nike, 84, Kobe
Nike, 43, Kobe
Nike, 141, Kobe
Nike, 18, Kobe
Nike, 65, Kobe
Nike, 24, Kobe
Nike, 36, Kobe
Nike, 51, Kobe
Nike, 49, Kobe
Nike, 19, Kobe
Nike, 91, Kobe
Nike, 10, Kobe
Nike, 40, Kobe
Nike, 2, Kobe
Nike, 41, Kobe
Nike, 35, Kobe
Nike, 75, Kobe
Nike, 29, Kobe
Nike, 10, Kobe
Nike, 10, Kobe
Nike, 48, Kobe
Nike, 201, Kobe
Nike, 33, Kobe
Nike, 103, Kobe
Nike, 44, Kobe
Nike, 42, Kobe
Nike, 100, Kobe
Nike, 96, Kobe
Nike, 141, Kobe
Nike, 83, Kobe
Nike, 100, Kobe
Nike, 60, Kobe
Nike, 5, Kobe
Nike, 166, Kobe
Nike, 35, Kobe
Nike, 89, Kobe
Nike, 55, Kobe
Nike, 30, Kobe
Nike, 73, Kobe
Nike, 88, Kobe
Nike, 63, Kobe
Nike, 1, Kobe
Nike, 133, Kobe
Nike, 57, Kobe
Nike, 3, Kobe
Nike, 88, Kobe
Nike, 133, Kobe
Nike, 36, Kobe
Nike, 22, Kobe
Nike, 61, Kobe
Nike, 37, Kobe
Nike, 4, Kobe
Nike, 1, Kobe
Nike, 31, Kobe
Nike, 41, Kobe
Nike, 32, Kobe
Nike, 41, Kobe
Nike, 6, Kobe
Nike, 45, Kobe
Nike, 10, Kobe
Nike, 10, Kobe
Nike, 7, Kobe
Nike, 10, Kobe
Nike, 8, Kobe
Nike, 11, Kobe
Nike, 13, Kobe
Nike, 7, Kobe
Nike, 5, Kobe
Nike, 10, Kobe
Nike, 11, Kobe
Nike, 7, Kobe
Nike, 15, Kobe
Nike, 61, Kobe
Nike, 1, Kobe
Nike, 8, Kobe
Nike, 10, Kobe
Nike, 1, Kobe
Nike, 7, Kobe
Nike, 7, Kobe
Nike, 40, Kobe
Nike, 2, Kobe
Nike, 25, Kobe
Nike, 15, Kobe
Nike, 7, Kobe
Nike, 34, Kobe
Nike, 5, Kobe
Nike, 13, Kobe
Nike, 55, Kobe
Nike, 2, Kobe
Nike, 14, Kobe
Nike, 11, Kobe
Nike, 13, Kobe
Nike, 19, Kobe
Nike, 20, Kobe
Nike, 15, Kobe
Nike, 50, Kobe
Nike, 11, Kobe
Nike, 4, Kobe
Nike, 12, Kobe
Nike, 9, Kobe
Nike, 3, Kobe
Nike, 5, Kobe
Nike, 1, Kobe
Nike, 53, Kobe
Nike, 15, Kobe
Nike, 8, Kobe
Nike, 3, Kobe
Nike, 5, Kobe
Nike, 4, Kobe
Nike, 8, Kobe
Nike, 9, Kobe
Nike, 61, Kobe
Nike, 26, Kobe
Nike, 21, Kobe
Nike, 3, Kobe
Nike, 2, Kobe
Nike, 4, Kobe
Nike, 3, Kobe
Nike, 8, Kobe
Nike, 33, Kobe
Nike, 19, Kobe
Nike, 3, Kobe
Nike, 32, Kobe
Nike, 63, Kobe
Nike, 4, Kobe
Nike, 21, Kobe
Nike, 25, Kobe
Nike, 4, Kobe
Nike, 2, Kobe
Nike, 58, Kobe
Nike, 14, Kobe
Nike, 3, Kobe
Nike, 45, Kobe
Nike, 7, Kobe
Nike, 6, Kobe
Nike, 3, Kobe
Nike, 2, Kobe
Nike, 1, Kobe
Nike, 17, Kobe
Nike, 33, Kobe
Nike, 42, Kobe
Nike, 11, Kobe
Nike, 5, Kobe
Nike, 31, Kobe
Nike, 5, Kobe
Nike, 15, Kobe
Nike, 6, Kobe
Nike, 20, Kobe
Nike, 36, Kobe
Nike, 16, Kobe
Nike, 22, Kobe
Nike, 84, Kobe
Nike, 27, Kobe
Nike, 32, Kobe
Nike, 95, Kobe
Nike, 56, Kobe
Nike, 12, Kobe
Nike, 52, Kobe
Nike, 13, Kobe
Nike, 55, Kobe
Nike, 30, Kobe
Nike, 11, Kobe
Nike, 6, Kobe
Nike, 41, Kobe
Nike, 51, Kobe
Nike, 43, Kobe
Nike, 16, Kobe
Nike, 136, Kobe
Nike, 3, Kobe
Nike, 1, Kobe
Nike, 20, Kobe
Nike, 6, Kobe
Nike, 2, Kobe
Nike, 10, Kobe
Nike, 113, Kobe
Nike, 43, Kobe
Nike, 34, Kobe
Nike, 81, Kobe
Nike, 12, Kobe
Nike, 2, Kobe
Nike, 6, Kobe
Nike, 17, Kobe
Nike, 88, Kobe
Nike, 54, Kobe
Nike, 10, Kobe
Nike, 70, Kobe
Nike, 16, Kobe
Nike, 19, Kobe
Nike, 1, Kobe
Nike, 9, Kobe
Nike, 36, Kobe
Nike, 24, Kobe
Nike, 4, Kobe
Nike, 41, Kobe
Nike, 26, Kobe
Nike, 114, Kobe
Nike, 54, Kobe
Nike, 24, Kobe
Nike, 113, Kobe
Nike, 90, Kobe
Nike, 56, Kobe
Nike, 31, Kobe
Nike, 35, Kobe
Nike, 60, Kobe
Nike, 93, Kobe
Nike, 90, Kobe
Nike, 22, Kobe
Nike, 76, Kobe
Nike, 44, Kobe
Nike, 169, Kobe
Nike, 76, Kobe
Nike, 1, Kobe
Nike, 1, Kobe
Nike, 2, Kobe
Nike, 1, Kobe
Nike, 1, Kobe
Nike, 1, Kobe
Nike, 37, Kobe
Nike, 66, Kobe
Nike, 34, Kobe
Nike, 238, Kobe
Nike, 18, Kobe
Nike, 36, Kobe
Nike, 2, Kobe
Nike, 44, Kobe
Nike, 2, Kobe
Nike, 98, Kobe
Nike, 286, Kobe
Nike, 3, Kobe
Nike, 66, Kobe
Nike, 26, Kobe
Nike, 374, Kobe
Nike, 3, Kobe
Nike, 39, Kobe
Nike, 109, Kobe
Nike, 62, Kobe
Nike, 119, Kobe
Nike, 33, Kobe
Nike, 131, Kobe
Nike, 96, Kobe
Nike, 34, Kobe
Nike, 222, Kobe
Nike, 59, Kobe
Nike, 9, Kobe
Nike, 7, Kobe
Nike, 46, Kobe
Nike, 102, Kobe
Nike, 142, Kobe
Nike, 173, Kobe
Nike, 186, Kobe
Nike, 70, Kobe
Nike, 36, Kobe
Nike, 52, Kobe
Nike, 89, Kobe
Nike, 82, Kobe
Nike, 64, Kobe
Nike, 109, Kobe
Nike, 2, Kobe
Nike, 1, Kobe
Nike, 2, Kobe
Nike, 1, Kobe
Nike, 3, Kobe
Nike, 69, Kobe
Nike, 20, Kobe
Nike, 60, Kobe
Nike, 34, Kobe
Nike, 14, Kobe
Nike, 3, Kobe
Nike, 11, Kobe
Nike, 15, Kobe
Nike, 41, Kobe
Nike, 3, Kobe
Nike, 3, Kobe
Nike, 801, Kobe
Nike, 52, Kobe
Nike, 1, Kobe
Nike, 11, Kobe
Nike, 965, Kobe
Nike, 71, Kobe
Nike, 272, Kobe
Nike, 283, Kobe
Nike, 5, Kobe
Nike, 11, Kobe
Nike, 5, Kobe
Nike, 1, Kobe
Nike, 160, Kobe
Nike, 105, Kobe
Nike, 23, Kobe
Nike, 1, Kobe
Nike, 1, Kobe
Nike, 2, Kobe
Nike, 2, Kobe
Nike, 24, Kobe
Nike, 1, Kobe
Nike, 1, Kobe
Nike, 1, Kobe
Nike, 312, Kobe
Nike, 9, Kobe
Nike, 67, Kobe
Nike, 18, Kobe
Nike, 184, Kobe
Nike, 39, Kobe
Nike, 17, Kobe
Nike, 2, Kobe
Nike, 7, Kobe
Nike, 1, Kobe
Nike, 24, Kobe
Nike, 5, Kobe
Nike, 3, Kobe
Nike, 17, Kobe
Nike, 1, Kobe
Nike, 12, Kobe
Nike, 29, Kobe
Nike, 20, Kobe
Nike, 64, Kobe
Nike, 31, Kobe
Nike, 118, Kobe
Nike, 40, Kobe
Nike, 213, Kobe
Nike, 120, Kobe
Nike, 164, Kobe
Nike, 181, Kobe
Nike, 3, Kobe
Nike, 7, Kobe
Nike, 2, Kobe
Nike, 12, Kobe
Nike, 2, Kobe
Nike, 5, Kobe
Nike, 2, Kobe
Nike, 5, Kobe
Nike, 33, Kobe
Nike, 6, Kobe
Nike, 2, Kobe
Nike, 5, Kobe
Nike, 2, Kobe
Nike, 8, Kobe
Nike, 2, Kobe
Nike, 3, Kobe
Nike, 1, Kobe
Nike, 2, Kobe
Nike, 4, Kobe
Nike, 12, Kobe
Nike, 469, Lebron
Nike, 1656, Lebron
Nike, 68, Lebron
Nike, 234, Lebron
Nike, 26, Lebron
Nike, 4, Lebron
Nike, 52, Lebron
Nike, 76, Lebron
Nike, 1, Lebron
Nike, 14, Lebron
Nike, 118, Lebron
Nike, 1, Lebron
Nike, 15, Lebron
Nike, 17, Lebron
Nike, 36, Lebron
Nike, 33, Lebron
Nike, 57, Lebron
Nike, 17, Lebron
Nike, 45, Lebron
Nike, 15, Lebron
Nike, 52, Lebron
Nike, 30, Lebron
Nike, 43, Lebron
Nike, 27, Lebron
Nike, 24, Lebron
Nike, 58, Lebron
Nike, 26, Lebron
Nike, 113, Lebron
Nike, 7, Lebron
Nike, 4, Lebron
Nike, 51, Lebron
Nike, 41, Lebron
Nike, 4, Lebron
Nike, 21, Lebron
Nike, 8, Lebron
Nike, 6, Lebron
Nike, 1, Lebron
Nike, 5, Lebron
Nike, 11, Lebron
Nike, 35, Lebron
Nike, 21, Lebron
Nike, 1, Lebron
Nike, 8, Lebron
Nike, 75, Lebron
Nike, 69, Lebron
Nike, 307, Lebron
Nike, 156, Lebron
Nike, 30, Lebron
Nike, 4, Lebron
Nike, 30, Lebron
Nike, 522, Lebron
Nike, 52, Lebron
Nike, 24, Lebron
Nike, 1, Lebron
Nike, 43, Lebron
Nike, 31, Lebron
Nike, 34, Lebron
Nike, 31, Lebron
Nike, 14, Lebron
Nike, 80, Lebron
Nike, 39, Lebron
Nike, 43, Lebron
Nike, 40, Lebron
Nike, 17, Lebron
Nike, 43, Lebron
Nike, 12, Lebron
Nike, 19, Lebron
Nike, 14, Lebron
Nike, 28, Lebron
Nike, 23, Lebron
Nike, 8, Lebron
Nike, 2, Lebron
Nike, 52, Lebron
Nike, 31, Lebron
Nike, 21, Lebron
Nike, 29, Lebron
Nike, 9, Lebron
Nike, 6, Lebron
Nike, 33, Lebron
Nike, 55, Lebron
Nike, 23, Lebron
Nike, 28, Lebron
Nike, 46, Lebron
Nike, 50, Lebron
Nike, 7, Lebron
Nike, 1, Lebron
Nike, 2, Lebron
Nike, 1, Lebron
Nike, 2, Lebron
Nike, 17, Lebron
Nike, 20, Lebron
Nike, 21, Lebron
Nike, 166, Lebron
Nike, 40, Lebron
Nike, 46, Lebron
Nike, 15, Lebron
Nike, 2, Lebron
Nike, 38, Lebron
Nike, 6, Lebron
Nike, 3, Lebron
Nike, 29, Lebron
Nike, 42, Lebron
Nike, 2, Lebron
Nike, 9, Lebron
Nike, 14, Lebron
Nike, 2, Lebron
Nike, 30, Lebron
Nike, 5, Lebron
Nike, 9, Lebron
Nike, 7, Lebron
Nike, 70, Lebron
Nike, 27, Lebron
Nike, 65, Lebron
Nike, 5, Lebron
Nike, 4, Lebron
Nike, 13, Lebron
Nike, 7, Lebron
Nike, 40, Lebron
Nike, 8, Lebron
Nike, 6, Lebron
Nike, 6, Lebron
Nike, 28, Lebron
Nike, 2, Lebron
Nike, 32, Lebron
Nike, 4, Lebron
Nike, 24, Lebron
Nike, 41, Lebron
Nike, 28, Lebron
Nike, 77, Lebron
Nike, 7, Lebron
Nike, 74, Lebron
Nike, 18, Lebron
Nike, 33, Lebron
Nike, 10, Lebron
Nike, 3, Lebron
Nike, 86, Lebron
Nike, 28, Lebron
Nike, 11, Lebron
Nike, 3, Lebron
Nike, 58, Lebron
Nike, 1, Lebron
Nike, 4, Lebron
Nike, 3, Lebron
Nike, 22, Lebron
Nike, 3, Lebron
Nike, 24, Lebron
Nike, 35, Lebron
Nike, 391, Lebron
Nike, 3, Lebron
Nike, 34, Lebron
Nike, 413, Lebron
Nike, 79, Lebron
Nike, 556, Lebron
Nike, 128, Lebron
Nike, 194, Lebron
Nike, 919, Lebron
Nike, 262, Lebron
Nike, 8, Lebron
Nike, 57, Lebron
Nike, 288, Lebron
Nike, 26, Lebron
Nike, 464, Lebron
Nike, 29, Lebron
Nike, 760, Lebron
Nike, 4, Lebron
Nike, 358, Lebron
Nike, 302, Lebron
Nike, 102, Lebron
Nike, 107, Lebron
Nike, 63, Lebron
Nike, 63, Lebron
Nike, 117, Lebron
Nike, 634, Lebron
Nike, 19, Lebron
Nike, 3, Lebron
Nike, 387, Lebron
Nike, 753, Lebron
Nike, 7, Lebron
Nike, 483, Lebron
Nike, 258, Lebron
Nike, 305, Lebron
Nike, 71, Lebron
Nike, 1489, Lebron
Nike, 683, Lebron
Nike, 100, Lebron
Nike, 29, Lebron
Nike, 1954, Lebron
Nike, 6, Lebron
Nike, 235, Lebron
Nike, 292, Lebron
Nike, 26, Lebron
Nike, 1, Lebron
Nike, 706, Lebron
Nike, 665, Lebron
Nike, 9, Lebron
Nike, 1, Lebron
Nike, 722, Lebron
Nike, 26, Lebron
Nike, 2, Lebron
Nike, 205, Lebron
Nike, 216, Lebron
Nike, 9, Lebron
Nike, 5, Lebron
Nike, 807, Lebron
Nike, 474, Lebron
Nike, 444, Lebron
Nike, 102, Lebron
Nike, 1321, Lebron
Nike, 6, Lebron
Nike, 1, Lebron
Nike, 1, Lebron
Nike, 1, Lebron
Nike, 1, Lebron
Nike, 16, Lebron
Nike, 82, Lebron
Nike, 112, Lebron
Nike, 24, Lebron
Nike, 35, Lebron
Nike, 33, Lebron
Nike, 7, Lebron
Nike, 6, Lebron
Nike, 22, Lebron
Nike, 29, Lebron
Nike, 6, Lebron
Nike, 1, Lebron
Nike, 16, Lebron
Nike, 2, Lebron
Nike, 2, Lebron
Nike, 174, Lebron
Nike, 14, Lebron
Nike, 1108, Lebron
Nike, 69, Lebron
Nike, 36, Lebron
Nike, 10, Lebron
Nike, 10, Lebron
Nike, 6, Lebron
Nike, 16, Lebron
Nike, 8, Lebron
Nike, 5, Lebron
Nike, 4, Lebron
Nike, 2, Lebron
Nike, 5, Lebron
Nike, 11, Lebron
Nike, 4, Lebron
Nike, 4, Lebron
Nike, 6, Lebron
Nike, 1, Lebron
Nike, 14, Lebron
Nike, 2, Lebron
Nike, 2, Lebron
Nike, 4, Lebron
Nike, 6, Lebron
Nike, 9, Lebron
Nike, 1, Lebron
Nike, 16, Lebron
Nike, 8, Lebron
Nike, 41, Lebron
Nike, 71, Lebron
Nike, 5, Lebron
Nike, 3, Lebron
Nike, 29, Lebron
Nike, 23, Lebron
Nike, 1, Lebron
Nike, 33, Lebron
Nike, 24, Lebron
Nike, 4, Lebron
Nike, 1, Lebron
Nike, 52, Lebron
Nike, 14, Lebron
Nike, 67, Lebron
Nike, 6, Lebron
Nike, 11, Lebron
Nike, 6, Lebron
Nike, 28, Lebron
Nike, 13, Lebron
Nike, 53, Lebron
Nike, 11, Lebron
Nike, 3, Lebron
Nike, 1, Lebron
Nike, 14, Lebron
Nike, 464, Lebron
Nike, 26, Lebron
Nike, 10, Lebron
Nike, 31, Lebron
Nike, 19, Lebron
Nike, 5, Lebron
Nike, 3, Lebron
Nike, 24, Lebron
Nike, 34, Lebron
Nike, 51, Lebron
Nike, 2, Lebron
Nike, 10, Lebron
Nike, 7, Lebron
Nike, 1, Lebron
Nike, 4, Lebron
Nike, 3, Lebron
Nike, 16, Lebron
Nike, 12, Lebron
Nike, 1, Lebron
Nike, 8, Lebron
Nike, 5, Lebron
Nike, 21, Lebron
Nike, 7, Lebron
Nike, 1, Lebron
Nike, 3, Lebron
Nike, 3, Lebron
Nike, 3, Lebron
Nike, 8, Lebron
Nike, 5, Lebron
Nike, 5, Lebron
Nike, 13, Lebron
Nike, 14, Lebron
Nike, 6, Lebron
Nike, 17, Lebron
Nike, 3, Lebron
Nike, 1, Lebron
Nike, 3, Lebron
Nike, 6, Lebron
Nike, 19, Lebron
Nike, 10, Lebron
Nike, 10, Lebron
Nike, 4, Lebron
Nike, 4, Lebron
Nike, 6, Lebron
Nike, 1, Lebron
Nike, 1, Lebron
Nike, 1, Lebron
Nike, 1, Lebron
Nike, 2, Lebron
Nike, 4, Lebron
Nike, 5, Lebron
Nike, 1, Lebron
Nike, 1, Lebron
Nike, 1, Lebron
Nike, 5, Lebron
Nike, 14, Lebron
Nike, 12, Lebron
Nike, 3, Lebron
Nike, 4, Lebron
Nike, 7, Lebron
Nike, 1, Lebron
Nike, 3, Lebron
Nike, 5, Lebron
Nike, 3, Lebron
Nike, 3, Lebron
Nike, 3, Lebron
Nike, 5, Lebron
Nike, 6, Lebron
Nike, 2, Lebron
Nike, 1, Lebron
Nike, 20, Lebron
Nike, 13, Lebron
Nike, 8, Lebron
Nike, 12, Lebron
Nike, 15, Lebron
Nike, 12, Lebron
Nike, 35, Lebron
Nike, 1, Lebron
Nike, 2, Lebron
Nike, 2, Lebron
Nike, 2, Lebron
Nike, 2, Lebron
Nike, 2, Lebron
Nike, 1, Lebron
Nike, 1, Lebron
Nike, 11, Lebron
Nike, 10, Lebron
Nike, 8, Lebron
Nike, 1, Lebron
Nike, 6, Lebron
Nike, 16, Lebron
Nike, 8, Lebron
Nike, 11, Lebron
Nike, 4, Lebron
Nike, 16, Lebron
Nike, 3, Lebron
Nike, 8, Lebron
Nike, 9, Lebron
Nike, 10, Lebron
Nike, 1, Lebron
Nike, 1, Lebron
Nike, 7, Lebron
Nike, 2, Lebron
Nike, 8, Lebron
Nike, 5, Lebron
Nike, 10, Lebron
Nike, 75, Lebron
Nike, 2, Lebron
Nike, 19, Lebron
Nike, 20, Lebron
Nike, 1, Lebron
Nike, 45, Lebron
Nike, 8, Lebron
Nike, 27, Lebron
Nike, 41, Lebron
Nike, 8, Lebron
Nike, 4, Lebron
Nike, 3, Lebron
Nike, 85, Lebron
Nike, 10, Lebron
Nike, 45, Lebron
Nike, 56, Lebron
Nike, 51, Lebron
Nike, 12, Lebron
Nike, 28, Lebron
Nike, 35, Lebron
Nike, 8, Lebron
Nike, 2, Lebron
Nike, 10, Lebron
Nike, 16, Lebron
Nike, 1, Lebron
Nike, 12, Lebron
Nike, 14, Lebron
Nike, 18, Lebron
Nike, 16, Lebron
Nike, 7, Lebron
Nike, 37, Lebron
Nike, 3, Lebron
Nike, 20, Lebron
Nike, 30, Lebron
Nike, 1, Lebron
Nike, 31, Lebron
Nike, 30, Lebron
Nike, 181, Lebron
Nike, 38, Lebron
Nike, 31, Lebron
Nike, 7, Lebron
Nike, 119, Lebron
Nike, 1, Lebron
Nike, 1, Lebron
Nike, 22, Lebron
Nike, 6, Lebron
Nike, 25, Lebron
Nike, 62, Lebron
Nike, 91, Lebron
Nike, 13, Lebron
Nike, 96, Lebron
Nike, 2, Lebron
Nike, 24, Lebron
Nike, 17, Lebron
Nike, 16, Lebron
Nike, 15, Lebron
Nike, 26, Lebron
Nike, 8, Lebron
Nike, 19, Lebron
Nike, 31, Lebron
Nike, 47, Lebron
Nike, 26, Lebron
Nike, 9, Lebron
Nike, 1, Lebron
Nike, 2, Lebron
Nike, 22, Lebron
Nike, 12, Lebron
Nike, 1, Lebron
Nike, 1, Lebron
Nike, 2, Lebron
Nike, 1, Lebron
Nike, 2, Lebron
Nike, 2, Lebron
Nike, 1, Lebron
Nike, 2, Lebron
Nike, 1, Lebron
Nike, 2, Lebron
Nike, 3, Lebron
Nike, 1, Lebron
Nike, 1, Lebron
Nike, 16, Lebron
Nike, 19, Lebron
Nike, 507, Lebron
Nike, 6, Lebron
Nike, 2, Lebron
Nike, 2, Lebron
Nike, 10, Lebron
Nike, 106, Lebron
Nike, 616, Lebron
Nike, 651, Lebron
Nike, 263, Lebron
Nike, 201, Lebron
Nike, 354, Lebron
Nike, 245, Lebron
Nike, 111, Lebron
Nike, 39, Lebron
Nike, 199, Lebron
Nike, 2, Lebron
Nike, 901, Lebron
Nike, 173, Lebron
Nike, 1, Lebron
Nike, 115, Lebron
Nike, 7, Lebron
Nike, 7, Lebron
Nike, 5, Lebron
Nike, 13, Lebron
Nike, 2, Lebron
Nike, 13, Lebron
Nike, 2, Lebron
Nike, 9, Lebron
Nike, 77, Lebron
Nike, 100, Lebron
Nike, 37, Lebron
Nike, 1, Lebron
Nike, 5, Lebron
Nike, 6, Lebron
Nike, 20, Lebron
Nike, 3, Lebron
Nike, 2, Lebron
Nike, 3, Lebron
Nike, 4, Lebron
Nike, 18, Lebron
Nike, 31, Lebron
Nike, 13, Lebron
Nike, 3, Lebron
Nike, 12, Lebron
Nike, 34, Lebron
Nike, 2, Lebron
Nike, 262, Lebron
Nike, 1, Lebron
Nike, 2, Lebron
Nike, 51, Lebron
Nike, 44, Lebron
Nike, 13, Lebron
Nike, 5, Lebron
Nike, 12, Lebron
Nike, 711, Lebron
Nike, 7, Lebron
Nike, 1, Lebron
Nike, 1, Lebron
Nike, 1, Lebron
Nike, 1, Lebron
Nike, 1, Lebron
Nike, 6, Lebron
Nike, 2, Lebron
Nike, 2, Lebron
Nike, 3, Lebron
Nike, 11, Lebron
Nike, 46, Lebron
Nike, 4, Lebron
Nike, 1, Lebron
Nike, 3, Lebron
Nike, 6, Lebron
Nike, 4, Lebron
Nike, 88, Other
Nike, 57, Other
Nike, 69, Other
Nike, 57, Other
Nike, 36, Other
Nike, 111, Other
Nike, 13, Other
Nike, 9, Other
Nike, 6, Other
Nike, 8, Other
Nike, 456, Other
Nike, 3, Other
Nike, 27, Other
Nike, 11, Other
Nike, 14, Other
Nike, 4, Other
Nike, 1, Other
Nike, 6, Other
Nike, 48, Other
Nike, 349, Other
Nike, 478, Other
Nike, 18, Other
Nike, 10, Other
Nike, 9, Other
Nike, 14, Other
Nike, 23, Other
Nike, 13, Other
Nike, 25, Other
Nike, 34, Other
Nike, 73, Other
Nike, 105, Other
Nike, 13, Other
Nike, 953, Other
Nike, 79, Other
Nike, 78, Other
Nike, 35, Other
Nike, 9, Other
Nike, 10, Other
Nike, 8, Other
Nike, 2, Other
Nike, 16, Other
Nike, 6, Other
Nike, 9, Other
Nike, 14, Other
Nike, 2, Other
Nike, 9, Other
Nike, 11, Other
Nike, 4, Other
Nike, 18, Other
Nike, 5, Other
Nike, 2, Other
Nike, 7, Other
Nike, 45, Other
Nike, 22, Other
Nike, 25, Other
Nike, 37, Other
Nike, 21, Other
Nike, 3, Other
Nike, 9, Other
Nike, 11, Other
Nike, 22, Other
Nike, 18, Other
Nike, 29, Other
Nike, 11, Other
Nike, 16, Other
Nike, 71, Other
Nike, 47, Other
Nike, 57, Other
Nike, 2, Other
Nike, 17, Other
Nike, 37, Other
Nike, 64, Other
Nike, 11, Other
Nike, 12, Other
Nike, 11, Other
Nike, 15, Other
Nike, 20, Other
Nike, 224, Kyrie
Nike, 14, Other
Nike, 423, Other
Nike, 361, Other
Nike, 573, Other
Nike, 81, Other
Nike, 27, Other
Nike, 148, Other
Nike, 93, Other
Nike, 191, Other
Nike, 228, Other
Nike, 178, Other
Nike, 186, Other
Nike, 290, Other
Nike, 67, Other
Nike, 20, Other
Nike, 13, Other
Nike, 42, Other
Nike, 30, Other
Nike, 9, Other
Nike, 1, Other
Nike, 2, Other
Nike, 3, Other
Nike, 15, Other
Nike, 2, Other
Nike, 147, Other
Nike, 167, Other
Nike, 89, Other
Nike, 8, Other
Nike, 5, Other
Nike, 27, Other
Nike, 1, Other
Nike, 6, Other
Nike, 39, Other
Nike, 57, Other
Nike, 30, Other
Nike, 12, Other
Nike, 583, Other
Nike, 17, Other
Nike, 14, Other
Nike, 152, Other
Nike, 8, Other
Nike, 11, Other
Nike, 25, Other
Nike, 247, Other
Nike, 46, Other
Nike, 239, Other
Nike, 25, Other
Nike, 47, Other
Nike, 87, Other
Nike, 76, Other
Nike, 248, Other
Nike, 4, Other
Nike, 16, Other
Nike, 53, Other
Nike, 857, Other
Nike, 184, Other
Nike, 15, Other
Nike, 68, Other
Nike, 294, Other
Nike, 72, Other
Nike, 45, Other
Nike, 9, Other
Nike, 317, Other
Nike, 71, Other
Nike, 38, Other
Nike, 17, Other
Nike, 5, Other
Nike, 2, Other
Nike, 7, Other
Nike, 4, Other
Nike, 1, Other
Nike, 8, Other
Nike, 4, Other
Nike, 210, Other
Nike, 39, Other
Nike, 117, Other
Nike, 26, Other
Nike, 144, Other
Nike, 79, Other
Nike, 52, Other
Nike, 15, Other
Nike, 1792, Other
Nike, 2, Other
Nike, 3, Other
Nike, 1, Other
Nike, 9, Other
Nike, 11, Other
Nike, 18, Other
Nike, 178, Other
Nike, 11, Other
Nike, 19, Other
Nike, 1, Other
Nike, 4, Other
Nike, 519, Other
Nike, 49, Other
Nike, 20, Other
Nike, 9, Other
Nike, 464, Other
Nike, 31, Other
Nike, 22, Other
Nike, 80, Other
Nike, 6, Other
Nike, 70, Other
Nike, 6, Other
Nike, 44, Other
Nike, 25, Other
Nike, 23, Other
Nike, 83, Other
Nike, 4, Other
Nike, 26, Other
Nike, 18, Other
Nike, 77, Other
Nike, 5, Other
Nike, 60, Other
Nike, 7, Other
Nike, 5, Other
Nike, 8, Other
Nike, 76, Other
Nike, 5, Other
Nike, 5, Other
Nike, 8, Other
Nike, 1, Other
Nike, 17, Other
Nike, 34, Other
Nike, 16, Other
Nike, 12, Other
Nike, 42, Other
Nike, 2, Other
Nike, 12, Other
Nike, 7, Other
Nike, 7, Other
Nike, 1, Other
Nike, 64, Other
Nike, 46, Other
Nike, 160, Other
Nike, 5, Other
Nike, 5, Other
Nike, 33, Other
Nike, 223, Other
Nike, 210, Other
Nike, 2, Other
Nike, 19, Other
Nike, 1, Other
Nike, 1, Other
Nike, 2, Other
Nike, 10, Other
Nike, 2, Other
Nike, 745, Other
Nike, 745, Other
Nike, 43, Other
Nike, 9, Other
Nike, 1, Other
Nike, 1, Other
Nike, 371, Other
Nike, 2, Other
Nike, 123, Other
Nike, 8, Other
Nike, 6, Other
Nike, 5, Other
Nike, 2, Other
Nike, 11, Other
Nike, 3, Other
Nike, 4, Other
Nike, 2, Other
Nike, 14, Other
Nike, 1, Other
Nike, 84, Other
Nike, 65, Other
Nike, 24, Other
Nike, 12, Other
Nike, 4, Other
Nike, 24, Other
Nike, 33, Other
Nike, 58, Other
Nike, 4, Other
Nike, 14, Other
Nike, 10, Other
Nike, 27, Other
Nike, 3, Other
Nike, 145, Other
Nike, 10, Other
Nike, 5, Other
Nike, 9, Other
Nike, 4, Other
Nike, 8, Other
Nike, 85, Other
Nike, 241, Other
Nike, 66, Other
Nike, 4, Other
Nike, 3, Other
Nike, 8, Other
Nike, 1, Other
Nike, 1, Other
Nike, 1, Other
Nike, 2, Other
Nike, 1, Other
Nike, 4, Other
Nike, 2, Other
Nike, 3, Other
Nike, 4, Other
Nike, 3, Other
Nike, 12, Other
Nike, 1, Other
Nike, 5, Other
Nike, 10, Other
Nike, 2, Other
Nike, 23, Other
Nike, 216, Other
Nike, 7, Other
Nike, 3, Other
Nike, 4, Other
Nike, 1, Other
Nike, 1, Other
Nike, 1, Other
Nike, 5, Other
Nike, 2, Other
Nike, 1, Other
Nike, 3, Other
Nike, 1, Other
Nike, 29, Other
Nike, 70, Other
Nike, 18, Other
Nike, 4, Other
Nike, 10, Other
Nike, 2, Other
Nike, 1, Other
Nike, 1, Other
Nike, 8, Other
Nike, 1, Other
Nike, 2, Other
Nike, 1, Other
Nike, 3, Other
Nike, 2, Other
Nike, 109, Other
Nike, 7, Other
Nike, 1, Other
Nike, 3, Other
Nike, 1, Other
Nike, 11, Other
Nike, 5, Other
Nike, 3, Other
Nike, 9, Other
Nike, 3, Other
Nike, 4, Other
Nike, 37, Other
Nike, 630, Other
Nike, 726, Other
Nike, 133, Other
Nike, 8, Other
Nike, 1, Other
Nike, 4, Other
Nike, 1, Other
Nike, 5, Other
Nike, 2, Other
Nike, 3, Other
Nike, 1, Other
Nike, 1, Other
Nike, 1, Other
Nike, 1, Other
Nike, 20, Other
Nike, 2, Other
Nike, 3, Other
Nike, 2, Other
Nike, 18, Other
Nike, 7, Other
Nike, 5, Other
Nike, 13, Other
Nike, 41, Other
Nike, 1, Other
Nike, 2, Other
Nike, 5, Other
Nike, 9, Other
Nike, 3, Other
Nike, 1, Other
Nike, 1, Other
Nike, 4, Other
Nike, 4, Other
Nike, 1, Other
Nike, 1, Other
Nike, 15, Other
Nike, 1, Other
Nike, 1, Other
Nike, 1, Other
Nike, 1, Other
Nike, 2, Other
Nike, 11, Other
Nike, 208, Other
Nike, 2, Other
Nike, 22, Other
Nike, 1, Other
Nike, 2, Other
Nike, 1, Other
Nike, 1, Other
Nike, 29, Other
Nike, 8, Other
Nike, 6, Other
Nike, 9, Other
Nike, 1, Other
Nike, 1, Other
Nike, 7, Other
Nike, 3, Other
Nike, 2, Other
Nike, 5, Other
Nike, 9, Other
Nike, 2, Other
Nike, 2, Other
Nike, 3, Other
Nike, 4, Other
Nike, 1, Other
Nike, 1, Other
Nike, 1, Other
Nike, 1, Other
Nike, 1, Other
Nike, 3, Other
Nike, 1, Other
Nike, 5, Other
Nike, 14, Other
Nike, 2, Other
Nike, 10, Other
Nike, 8, Other
Nike, 2, Other
Nike, 6, Other
Nike, 1, Other
Nike, 1, Other
Nike, 3, Other
Nike, 8, Other
Nike, 8, Other
Nike, 6, Other
Nike, 12, Other
Nike, 15, Other
Nike, 42, Other
Nike, 1, Other
Nike, 7, Other
Nike, 1, Other
Nike, 28, Other
Nike, 6, Other
Nike, 1, Other
Nike, 4, Other
Nike, 3, Other
Nike, 10, Other
Nike, 34, Other
Nike, 8, Other
Nike, 10, Other
Nike, 1, Other
Nike, 5, Other
Nike, 5, Other
Nike, 12, Other
Nike, 6, Other
Nike, 26, Other
Nike, 1, Other
Nike, 2, Other
Nike, 3, Other
Nike, 4, Other
Nike, 2, Other
Nike, 3, Other
Nike, 29, Other
Nike, 13, Other
Nike, 2, Other
Nike, 3, Other
Nike, 9, Other
Nike, 1, Other
Nike, 3, Other
Nike, 5, Other
Nike, 3, Other
Nike, 2, Other
Nike, 9, Other
Nike, 2, Other
Nike, 1, Other
Nike, 7, Other
Nike, 8, Other
Nike, 3, Other
Nike, 1, Other
Nike, 2, Other
Nike, 4, Other
Nike, 1, Other
Nike, 3, Other
Nike, 8, Other
Nike, 12, Other
Nike, 6, Other
Nike, 3, Other
Nike, 6, Other
Nike, 9, Other
Nike, 1, Other
Nike, 1, Other
Nike, 2, Other
Nike, 1, Other
Nike, 3, Other
Nike, 1, Other
Nike, 1, Other
Nike, 1, Other
Nike, 1, Other
Nike, 3, Other
Nike, 1, Other
Nike, 2, Other
Nike, 1, Other
Nike, 3, Other
Nike, 2, Other
Nike, 5, Other
Nike, 1, Other
Nike, 2, Other
Nike, 9, Other
Nike, 6, Other
Nike, 3, Other
Nike, 3, Other
Nike, 1, Other
Nike, 3, Other
Nike, 1, Other
Nike, 2, Other
Nike, 3, Other
Nike, 3, Kyrie
Nike, 2, Other
Nike, 3, Other
Nike, 1, Other
Nike, 1, Other
Nike, 2, Other
Nike, 2, Other
Nike, 1, Other
Nike, 2, Other
Nike, 1, Other
Nike, 3, Other
Nike, 1, Other
Nike, 1, Other
Nike, 2, Other
Nike, 1, Other
Nike, 1, Other
Nike, 9, Other
Nike, 1, Other
Nike, 1, Other
Nike, 1, Other
Nike, 1, Other
Nike, 7, Other
Nike, 1, Other
Nike, 1, Other
Nike, 16, Other
Nike, 1, Other
Nike, 3, Other
Nike, 18, Other
Nike, 7, Other
Nike, 145, Other
Nike, 8, Other
Nike, 4, Other
Nike, 10, Other
Nike, 116, Other
Nike, 6, Other
Nike, 1, Other
Nike, 1, Other
Nike, 2, Other
Nike, 1, Other
Nike, 3, Other
Nike, 13, Other
Nike, 1, Other
Nike, 1, Other
Nike, 1, Other
Nike, 3, Other
Nike, 6, Other
Nike, 4, Other
Nike, 9, Other
Nike, 18, Other
Nike, 3, Other
Nike, 2, Other
Nike, 2, Other
Nike, 8, Other
Nike, 6, Other
Nike, 240, Other
Nike, 61, Other
Nike, 4, Other
Nike, 1, Other
Nike, 1, Other
Nike, 15, Other
Nike, 50, Other
Nike, 61, Other
Nike, 191, Other
Nike, 1, Other
Nike, 4, Other
Nike, 9, Other
Nike, 2, Other
Nike, 4, Other
Nike, 1, Other
Nike, 1, Other
Nike, 1, Other
Nike, 2, Other
Nike, 2, Other
Nike, 1, Other
Nike, 1, Other
Nike, 1, Other
Nike, 3, Other
Nike, 6, Other
Nike, 1, Other
Nike, 1, Other
Nike, 5, Other
Nike, 1, Other
Nike, 1, Other
Nike, 1, Other
Nike, 13, Other
Nike, 1, Other
Nike, 1, Other
Nike, 1, Other
Nike, 1, Other
Nike, 1, Other
Nike, 5, SB
Nike, 8, SB
Nike, 6, SB
Nike, 5, SB
Nike, 2, SB
Nike, 35, SB
Nike, 690, SB
Nike, 21, SB
Nike, 9, SB
Nike, 28, SB
Nike, 11, SB
Nike, 50, SB
Nike, 4, SB
Nike, 10, SB
Nike, 2, SB
Nike, 7, SB
Nike, 1, SB
Nike, 9, SB
Nike, 2, SB
Nike, 55, SB
Nike, 15, SB
Nike, 98, SB
Nike, 146, SB
Nike, 1, SB
Nike, 11, SB
Nike, 17, SB
Nike, 7, SB
Nike, 254, SB
Nike, 55, SB
Nike, 1, SB
Nike, 216, SB
Nike, 26, SB
Nike, 2, SB
Nike, 28, SB
Nike, 36, SB
Nike, 6, SB
Nike, 35, SB
Nike, 8, SB
Nike, 79, SB
Nike, 201, SB
Nike, 564, SB
Nike, 17, SB
Nike, 3, SB
Nike, 27, SB
Nike, 176, SB
Nike, 5, SB
Nike, 18, SB
Nike, 41, SB
Nike, 40, SB
Nike, 13, SB
Nike, 1, SB
Nike, 17, SB
Nike, 49, SB
Nike, 9, SB
Nike, 17, SB
Nike, 47, SB
Nike, 6, SB
Nike, 220, SB
Nike, 21, SB
Nike, 9, SB
Nike, 13, SB
Nike, 27, SB
Nike, 5, SB
Nike, 30, SB
Nike, 86, SB
Nike, 55, SB
Nike, 54, SB
Nike, 10, SB
Nike, 1, SB
Nike, 5, SB
Nike, 23, SB
Nike, 5, SB
Nike, 22, SB
Nike, 23, SB
Nike, 19, SB
Nike, 260, SB
Nike, 3, SB
Nike, 19, SB
Nike, 152, SB
Nike, 22, SB
Nike, 14, SB
Nike, 10, SB
Nike, 2, SB
Nike, 13, SB
Nike, 26, SB
Nike, 27, SB
Nike, 1, SB
Nike, 6, SB
Nike, 14, SB
Nike, 16, SB
Nike, 12, SB
Nike, 7, SB
Nike, 15, SB
Nike, 24, SB
Nike, 2, SB
Nike, 3, SB
Nike, 67, SB
Nike, 9, SB
Nike, 2, SB
Nike, 28, SB
Nike, 7, SB
Nike, 2, SB
Nike, 8, SB
Nike, 1, SB
Nike, 19, SB
Nike, 44, SB
Nike, 9, SB
Nike, 9, SB
Nike, 6, SB
Nike, 16, SB
Nike, 123, SB
Nike, 13, SB
Nike, 102, SB
Nike, 2, SB
Nike, 4, SB
Nike, 94, SB
Nike, 3, SB
Nike, 458, SB
Nike, 25, SB
Nike, 56, SB
Nike, 21, SB
Nike, 34, SB
Nike, 24, SB
Nike, 5, SB
Nike, 15, SB
Nike, 2, SB
Nike, 7, SB
Nike, 17, SB
Nike, 40, SB
Nike, 11, SB
Nike, 32, SB
Nike, 45, SB
Nike, 17, SB
Nike, 3, SB
Nike, 20, SB
Nike, 4, SB
Nike, 57, SB
Nike, 239, SB
Nike, 2, SB
Nike, 1, SB
Nike, 3, SB
Nike, 13, SB
Nike, 21, SB
Nike, 25, SB
Nike, 49, SB
Nike, 2, SB
Nike, 7, SB
Nike, 119, SB
Nike, 31, SB
Nike, 139, SB
Nike, 106, SB
Nike, 63, SB
Nike, 15, SB
Nike, 6, SB
Nike, 30, SB
Nike, 46, SB
Nike, 47, SB
Nike, 47, SB
Nike, 15, SB
Nike, 71, SB
Nike, 35, SB
Nike, 41, SB
Nike, 14, SB
Nike, 22, SB
Nike, 146, SB
Nike, 7, SB
Nike, 28, SB
Nike, 14, SB
Nike, 63, SB
Nike, 22, SB
Nike, 32, SB
Nike, 11, SB
Nike, 37, SB
Nike, 44, SB
Nike, 4, SB
Nike, 5, SB
Nike, 45, SB
Nike, 5, SB
Nike, 7, SB
Nike, 53, SB
Nike, 16, SB
Nike, 16, SB
Nike, 11, SB
Nike, 9, SB
Nike, 4, SB
Nike, 5, SB
Nike, 62, SB
Nike, 42, SB
Nike, 2, SB
Nike, 22, SB
Nike, 20, SB
Nike, 5, SB
Nike, 3, SB
Nike, 25, SB
Nike, 11, SB
Nike, 20, SB
Nike, 50, SB
Nike, 63, SB
Nike, 145, SB
Nike, 381, SB
Nike, 311, SB
Nike, 240, SB
Nike, 203, SB
Nike, 15, SB
Nike, 5, SB
Nike, 4, SB
Nike, 22, SB
Nike, 1, SB
Nike, 3, SB
Nike, 10, SB
Nike, 16, SB
Nike, 2, SB
Nike, 8, SB
Nike, 91, SB
Nike, 139, SB
Nike, 100, SB
Nike, 160, SB
Nike, 22, SB
Nike, 1, SB
Nike, 9, SB
Nike, 11, SB
Nike, 6, SB
Nike, 1, SB
Nike, 4, SB
Nike, 2, SB
Nike, 1, SB
Nike, 264, SB
Nike, 21, SB
Nike, 21, SB
Nike, 25, SB
Nike, 6, SB
Nike, 4, SB
Nike, 5, SB
Nike, 17, SB
Nike, 8, SB
Nike, 44, SB
Nike, 5, SB
Nike, 8, SB
Nike, 4, SB
Nike, 6, SB
Nike, 3, SB
Nike, 2, SB
Nike, 1, SB
Nike, 8, SB
Nike, 181, SB
Nike, 2, SB
Nike, 13, SB
Nike, 1022, SB
Nike, 15, SB
Nike, 61, SB
Nike, 2, SB
Nike, 340, SB
Nike, 74, SB
Nike, 43, SB
Nike, 16, SB
Nike, 39, SB
Nike, 10, SB
Nike, 7, SB
Nike, 362, SB
Nike, 104, SB
Nike, 3, SB
Nike, 6, SB
Nike, 10, SB
Nike, 82, SB
Nike, 31, SB
Nike, 137, SB
Nike, 117, SB
Nike, 1475, SB
Nike, 37, SB
Nike, 1, SB
Nike, 2, SB
Nike, 3, SB
Nike, 1, SB
Nike, 198, SB
Nike, 5, SB
Nike, 6, SB
Nike, 5, SB
Nike, 147, SB
Nike, 19, SB
Nike, 88, SB
Nike, 101, SB
Nike, 19, SB
Nike, 1, SB
Nike, 18, SB
Nike, 747, SB
Nike, 156, SB
Nike, 5, SB
Nike, 2, SB
Nike, 22, SB
Nike, 202, SB
Nike, 13, SB
Nike, 424, SB
Nike, 7, SB
Nike, 267, SB
Nike, 6, SB
Nike, 5, SB
Nike, 21, SB
Nike, 9, SB
Nike, 179, SB
Nike, 25, SB
Nike, 7, SB
Nike, 15, SB
Nike, 1, SB
Nike, 8, SB
Nike, 1, SB
Nike, 46, SB
Nike, 6, SB
Nike, 3, SB
Nike, 27, SB
Nike, 13, SB
Nike, 1141, SB
Nike, 2942, SB
Nike, 7, SB
Nike, 1, SB
Nike, 11, SB
Nike, 175, SB
Nike, 3901, SB
Nike, 2025, SB
Nike, 15, SB
Nike, 197, SB
Nike, 32, SB
Nike, 17, SB
Nike, 1, SB
Nike, 1, SB
Nike, 3, SB
Nike, 7, SB
Nike, 5, SB
Nike, 33, SB
Nike, 17, SB
Nike, 10, SB
Nike, 169, SB
Nike, 116, SB
Nike, 5, SB
Nike, 3, SB
Nike, 9, SB
Nike, 7, SB
Nike, 149, SB
Nike, 89, SB
Nike, 51, SB
Nike, 5, SB
Nike, 2, SB
Nike, 1, SB
Nike, 15, SB
Nike, 2, SB
Nike, 5, SB
Nike, 6, SB
Nike, 464, SB
Nike, 1, SB
Nike, 164, SB
Nike, 59, SB
Nike, 12, SB
Nike, 2445, SB
Nike, 105, SB
Nike, 168, SB
Nike, 9, SB
Nike, 2, SB
Nike, 117, SB
Nike, 14, SB
Nike, 2, SB
Nike, 5, SB
Nike, 129, SB
Nike, 1226, SB
Nike, 13, SB
Nike, 11, SB
Nike, 16, SB
Nike, 12, SB
Nike, 4, SB
Nike, 1197, SB
Nike, 934, SB
Nike, 1745, SB
Nike, 17, SB
Nike, 1, SB
Nike, 10, SB
Nike, 15, SB
Nike, 3, SB
Nike, 67, SB
Nike, 193, SB
Nike, 2, SB
Nike, 2, SB
Nike, 1, SB
Nike, 1, SB
Nike, 1, SB
Nike, 17, SB
Nike, 49, SB
Nike, 4, SB
Nike, 1, SB
Nike, 4, SB
Nike, 1, SB
Nike, 6, SB
Nike, 21, SB
Nike, 18, SB
Nike, 29, SB
Nike, 1, SB
Nike, 11, SB
Nike, 1, SB
Nike, 80, SB
Nike, 1, SB
Nike, 12, SB
Nike, 22, SB
Nike, 9, SB
Nike, 1, SB
Nike, 1, SB
Nike, 2, SB
Nike, 7, SB
Nike, 106, SB
Nike, 45, SB
Nike, 4, SB
Nike, 2, SB
Nike, 8, SB
Nike, 3, SB
Nike, 22, SB
Nike, 11, SB
Nike, 37, SB
Nike, 194, SB
Nike, 5, SB
Nike, 3, SB
Nike, 221, SB
Nike, 2, SB
Nike, 9, SB
Nike, 1, SB
Nike, 40, SB
Nike, 1, SB
Nike, 2, SB
Nike, 1, SB
Nike, 2, SB
Nike, 1, SB
Nike, 1, SB
Nike, 6, SB
Nike, 1, SB
Nike, 30, SB
Nike, 33, SB
Nike, 42, SB
Nike, 55, SB
Nike, 1, SB
Nike, 19, SB
Nike, 31, SB
Nike, 6, SB
Nike, 22, SB
Nike, 4, SB
Nike, 3, SB
Nike, 18, SB
Nike, 123, SB
Nike, 35, SB
Nike, 38, SB
Nike, 27, SB
Nike, 7, SB
Nike, 1087, SB
Nike, 531, SB
Nike, 62, SB
Nike, 98, SB
Nike, 1313, SB
Nike, 754, SB
Nike, 13, SB
Nike, 2, SB
Nike, 16, SB
Nike, 11, SB
Nike, 5, SB
Nike, 7, SB
Nike, 21, SB
Nike, 1, SB
Nike, 85, SB
Nike, 5, SB
Nike, 1, SB
Nike, 1, SB
Nike, 1, SB
Nike, 1, SB
Nike, 1, SB
Nike, 1, SB
Nike, 1, SB
Nike, 11, SB
Nike, 37, SB
Nike, 21, SB
Nike, 20, SB
Nike, 18, SB
Nike, 14, SB
Nike, 6, SB
Nike, 16, SB
Nike, 18, SB
Nike, 5, SB
Nike, 7, SB
Nike, 29, SB
Nike, 34, SB
Nike, 7, SB
Nike, 17, SB
Nike, 17, SB
Nike, 76, SB
Nike, 20, SB
Nike, 12, SB
Nike, 16, SB
Nike, 80, SB
Nike, 20, SB
Nike, 30, SB
Nike, 21, SB
Nike, 20, SB
Nike, 21, SB
Nike, 2, SB
Nike, 23, SB
Nike, 10, SB
Nike, 8, SB
Nike, 9, SB
Nike, 4, SB
Nike, 5, SB
Nike, 14, SB
Nike, 4, SB
Nike, 15, SB
Nike, 2, SB
Nike, 1, SB
Nike, 4, SB
Nike, 6, SB
Nike, 3, SB
Nike, 2, SB
Nike, 1, SB
Nike, 2, SB
Nike, 43, SB
Nike, 1, SB
Nike, 1, SB
Nike, 32, SB
Nike, 27, SB
Nike, 1, SB
Nike, 1, SB
Nike, 1, SB
Nike, 1, SB
Nike, 1, SB
Nike, 1, SB
Nike, 1, SB
Nike, 4, SB
Nike, 1, SB
Nike, 3, SB
Nike, 15, SB
Nike, 5, SB
Nike, 65, SB
Nike, 7, SB
Nike, 2, SB
Nike, 2, SB
Nike, 8, SB
Nike, 2, SB
Nike, 10, SB
Nike, 20, SB
Nike, 12, SB
Nike, 6, SB
Nike, 9, SB
Nike, 2, SB
Nike, 17, SB
Nike, 55, SB
Nike, 34, SB
Nike, 14, SB
Nike, 28, SB
Nike, 3, SB
Nike, 17, SB
Nike, 4, SB
Nike, 10, SB
Nike, 9, SB
Nike, 10, SB
Nike, 10, SB
Nike, 6, SB
Nike, 7, SB
Nike, 4, SB
Nike, 30, SB
Nike, 1, SB
Nike, 14, SB
Nike, 29, SB
Nike, 4, SB
Nike, 40, SB
Nike, 14, SB
Nike, 13, SB
Nike, 3, SB
Nike, 22, SB
Nike, 3, SB
Nike, 14, SB
Nike, 4, SB
Nike, 1, SB
Nike, 5, SB
Nike, 10, SB
Nike, 1, SB
Nike, 11, SB
Nike, 1, SB
Nike, 10, SB
Nike, 3, SB
Nike, 33, SB
Nike, 1, SB
Nike, 2, SB
Nike, 10, SB
Nike, 8, SB
Nike, 8, SB
Nike, 4, SB
Nike, 10, SB
Nike, 2, SB
Nike, 12, SB
Nike, 10, SB
Nike, 17, SB
Nike, 11, SB
Nike, 2, SB
Nike, 18, SB
Nike, 4, SB
Nike, 12, SB
Nike, 36, SB
Nike, 13, SB
Nike, 23, SB
Nike, 29, SB
Nike, 1, SB
Nike, 3, SB
Nike, 5, SB
Nike, 14, SB
Nike, 12, SB
Nike, 3, SB
Nike, 24, SB
Nike, 1, SB
Nike, 11, SB
Nike, 23, SB
Nike, 39, SB
Nike, 5, SB
Nike, 4, SB
Nike, 4, SB
Nike, 11, SB
Nike, 9, SB
Nike, 1, SB
Nike, 7, SB
Nike, 1, SB
Nike, 5, SB
Nike, 5, SB
Nike, 26, SB
Nike, 12, SB
Nike, 5, SB
Nike, 12, SB
Nike, 12, SB
Nike, 1, SB
Nike, 8, SB
Nike, 1, SB
Nike, 1, SB
Nike, 7, SB
Nike, 2, SB
Nike, 1, SB
Nike, 8, SB
Nike, 4, SB
Nike, 6, SB
Nike, 5, SB
Nike, 2, SB
Nike, 21, SB
Nike, 7, SB
Nike, 5, SB
Nike, 2, SB
Nike, 3, SB
Nike, 2, SB
Nike, 1, SB
Nike, 2, SB
Nike, 6, SB
Nike, 1, SB
Nike, 4, SB
Nike, 2, SB
Nike, 1, SB
Nike, 3, SB
Nike, 1, SB
Nike, 3, SB
Nike, 1, SB
Nike, 2, SB
Nike, 1, SB
Nike, 2, SB
Nike, 2, SB
Nike, 4, SB
Nike, 16, SB
Nike, 1, SB
Nike, 1, SB
Nike, 1, SB
Nike, 2, SB
Nike, 1, SB
Nike, 12, SB
Nike, 3, SB
Nike, 1, SB
Nike, 11, SB
Nike, 3, SB
Nike, 3, SB
Nike, 1, SB
Nike, 1, SB
Nike, 1, SB
Nike, 5, SB
Nike, 19, SB
Nike, 5, SB
Nike, 1, SB
Nike, 17, SB
Nike, 3, SB
Nike, 1, SB
Nike, 2, SB
Nike, 2, SB
Nike, 2, SB
Nike, 13, SB
Nike, 2, SB
Nike, 1, SB
Nike, 3, SB
Nike, 1, SB
Nike, 43, SB
Nike, 1, SB
Nike, 2, SB
Nike, 1, SB
Nike, 21, SB
Nike, 4, SB
Nike, 3, SB
Nike, 1, SB
Nike, 1, SB
Nike, 28, SB
Nike, 8, SB
Nike, 1, SB
Nike, 5, SB
Nike, 6, SB
Nike, 6, SB
Nike, 9, SB
Nike, 4, SB
Nike, 1, SB
Nike, 1, SB
Nike, 2, SB
Nike, 1, SB
Nike, 1, SB
Nike, 1, SB
Nike, 7, SB
Nike, 13, SB
Nike, 18, SB
Nike, 4, SB
Nike, 28, SB
Nike, 10, SB
Nike, 11, SB
Nike, 20, SB
Nike, 1, SB
Nike, 4, SB
Nike, 310, Ultraboost
