type, total_sales, name
Kyrie, 111, Kyrie 1 All Star
Kyrie, 25, Kyrie 1 Australia
Kyrie, 59, Kyrie 1 Dream
Kyrie, 11, Kyrie 1 Driveway
Kyrie, 27, Kyrie 1 Duke Brotherhood
Kyrie, 28, Kyrie 1 Easter
Kyrie, 31, Kyrie 1 Independence Day
Kyrie, 45, Kyrie 1 Infrared
Kyrie, 20, Kyrie 1 Letterman
Kyrie, 83, Kyrie 1 Opening Night
Kyrie, 1, Kyrie 1 Pepsi Uncle Drew
Kyrie, 11, Kyrie 1 The Dungeon
Kyrie, 20, Kyrie 1 Venus Flytrap
Kyrie, 28, Kyrie 1 Wolf Grey
Kyrie, 57, Kyrie 2 All Star (2016)
Kyrie, 4, Kyrie 2 All-Star 2016 (GS)
Kyrie, 18, Kyrie 2 Australia
Kyrie, 71, Kyrie 2 BHM (2016)
Kyrie, 17, Kyrie 2 Cavs
Kyrie, 14, Kyrie 2 Crossover
Kyrie, 123, Kyrie 2 Doernbecher
Kyrie, 13, Kyrie 2 Doernbecher (GS)
Kyrie, 85, Kyrie 2 Duke
Kyrie, 6, Kyrie 2 EYBL
Kyrie, 21, Kyrie 2 Easter
Kyrie, 37, Kyrie 2 Gold Medal
Kyrie, 38, Kyrie 2 Inferno
Kyrie, 96, Kyrie 2 Ky-Rispy Kreme (Special Box Version 2) (Not Windowed)
Kyrie, 61, Kyrie 2 Kyrache
Kyrie, 3, Kyrie 2 Kyrache (GS)
Kyrie, 15, Kyrie 2 Kyrie-Oke
Kyrie, 8, Kyrie 2 Omega
Kyrie, 17, Kyrie 2 Parade
Kyrie, 15, Kyrie 2 Red Velvet
Kyrie, 14, Kyrie 2 School Bus (GS)
Kyrie, 7, Kyrie 2 Silver Speckle
Kyrie, 3, Kyrie 2 Skateboard (GS)
Kyrie, 13, Kyrie 2 Summer Pack
Kyrie, 63, Kyrie 2 The Effect
Kyrie, 27, Kyrie 2 Triple Black
Kyrie, 22, Kyrie 2 USA
Kyrie, 91, Kyrie 2 What The Kyrie Sail
Kyrie, 27, Kyrie 2 What the Kyrie Green Glow
Kyrie, 71, Kyrie 3 BHM (2017)
Kyrie, 27, Kyrie 3 Black Ice
Kyrie, 207, Kyrie 3 Black Suede
Kyrie, 12, Kyrie 3 Candy Apple Red (GS)
Kyrie, 12, Kyrie 3 Cool Grey
Kyrie, 91, Kyrie 3 Duke
Kyrie, 49, Kyrie 3 EYBL
Kyrie, 144, Kyrie 3 Finals Gold
Kyrie, 27, Kyrie 3 Hyper Cobalt "Duke"
Kyrie, 20, Kyrie 3 Ivory
Kyrie, 108, Kyrie 3 Kyrache Light
Kyrie, 1, Kyrie 3 Mac and Cheese (GS)
Kyrie, 393, Kyrie 3 Mamba Mentality Bruce Lee
Kyrie, 4, Kyrie 3 N7 (2017)
Kyrie, 11, Kyrie 3 Obsidian
Kyrie, 192, Kyrie 3 Red Suede
Kyrie, 64, Kyrie 3 Samurai
Kyrie, 15, Kyrie 3 Summer Pack (GS)
Kyrie, 28, Kyrie 3 Team Red
Kyrie, 31, Kyrie 3 Three Point Contest Candy Apple
Kyrie, 59, Kyrie 3 Time to Shine
Kyrie, 33, Kyrie 3 Triple Black
Kyrie, 19, Kyrie 3 What the Kyrie (GS)
Kyrie, 276, Kyrie 4 70s (Decades Pack)
Kyrie, 9, Kyrie 4 70s (GS)
Kyrie, 223, Kyrie 4 80s (Decades Pack)
Kyrie, 2, Kyrie 4 80s Decades Pack (GS)
Kyrie, 218, Kyrie 4 90s (Decades Pack)
Kyrie, 782, Kyrie 4 All-Star (2018)
Kyrie, 27, Kyrie 4 All-Star 2018 (GS)
Kyrie, 128, Kyrie 4 Ankle Taker
Kyrie, 28, Kyrie 4 Atomic Pink (GS)
Kyrie, 49, Kyrie 4 Black History Month 2018 (GS)
Kyrie, 191, Kyrie 4 Black Metallic Silver
Kyrie, 8, Kyrie 4 Black White
Kyrie, 121, Kyrie 4 Blackout
Kyrie, 2, Kyrie 4 Boston University
Kyrie, 438, Kyrie 4 Chinese New Year (2018)
Kyrie, 79, Kyrie 4 Cinnamon Toast Crunch (GS)
Kyrie, 196, Kyrie 4 City Guardians
Kyrie, 89, Kyrie 4 Concepts Green Lobster (Special Box)
Kyrie, 698, Kyrie 4 Confetti
Kyrie, 107, Kyrie 4 Confetti (GS)
Kyrie, 626, Kyrie 4 Day of the Dead
Kyrie, 700, Kyrie 4 Equality Black History Month (2018)
Kyrie, 10, Kyrie 4 Fall Foliage
Kyrie, 4, Kyrie 4 Game Royal
Kyrie, 840, Kyrie 4 Halloween
Kyrie, 50, Kyrie 4 Halloween (GS)
Kyrie, 452, Kyrie 4 Kix
Kyrie, 14, Kyrie 4 Kix (GS)
Kyrie, 1, Kyrie 4 Little Big Cats (TD)
Kyrie, 13, Kyrie 4 London
Kyrie, 14, Kyrie 4 Low White Black
Kyrie, 3003, Kyrie 4 Lucky Charms
Kyrie, 329, Kyrie 4 Lucky Charms (GS)
Kyrie, 103, Kyrie 4 N7 (2018)
Kyrie, 64, Kyrie 4 Pitch Blue
Kyrie, 176, Kyrie 4 Power Is Female
Kyrie, 164, Kyrie 4 Think 16
Kyrie, 559, Kyrie 4 Uncle Drew
Kyrie, 1, Kyrie 4 Uncle Drew (GS)
Kyrie, 7, Kyrie 4 University Red
Kyrie, 9, Kyrie 4 White Black
Kyrie, 24, Kyrie 4 White Deep Royal Blue
Kyrie, 228, Kyrie 4 Year of the Monkey
Kyrie, 16, Kyrie 5 BHM (2019)
Kyrie, 294, Kyrie 5 Black Magic
Kyrie, 2113, Kyrie 5 Concepts Ikhet
Kyrie, 12, Kyrie 5 Just Do It (GS)
Kyrie, 209, Kyrie 5 Multi-Color
Kyrie, 1707, Kyrie 5 Taco PE
Kyrie, 3, Kyrie Flytrap Black Gunsmoke
Kyrie, 33, Kyrie Low 1 Amarillo
Kyrie, 1, Kyrie Low 1 Floral
Kyrie, 31, Kyrie Low 1 Hot Punch
Kyrie, 13, Kyrie Low 1 Triple Black
Kyrie, 56, Kyrie Low 1 Uncle Drew
Kyrie, 46, Kyrie Low 1 White Black
Kyrie, 32, Nike Basketball LeBron Kyrie Four Wins Game 3 Homecoming Championship Pack
Kyrie, 27, Nike Basketball LeBron Kyrie Four Wins Game 5 Forty Ones Championship Pack
Kyrie, 28, Nike Basketball LeBron Kyrie Four Wins Game 6 Unbroken Championship Pack
Kyrie, 36, Nike Basketball LeBron Kyrie Four Wins Game 7 Fifty-Two Years Championship Pack
Kyrie, 6, Nike Hyperdunk 2013 Kyrie Irving Australia PE
Kyrie, 13, Nike Kyrie 3 Sneaker Room Mom (Red)
Kyrie, 278, Nike Kyrie S1 Hybrid What The (Multicolor)
PG, 41, Nike PG 1 Baseline
PG, 128, Nike PG 1 Black Aqua
PG, 133, Nike PG 1 Black Gum
PG, 18, Nike PG 1 Black Ice
PG, 132, Nike PG 1 Black University Gold
PG, 123, Nike PG 1 Bright Violet
PG, 38, Nike PG 1 Elements
PG, 34, Nike PG 1 Flip the Switch
PG, 86, Nike PG 1 Game Royal
PG, 13, Nike PG 1 Glacier Grey
PG, 77, Nike PG 1 Ivory
PG, 1, Nike PG 1 Prototype (GS)
PG, 7, Nike PG 1 Score In Bunches (GS)
PG, 135, Nike PG 1 Shining "Pre-Heat"
PG, 211, Nike PG 1 USA
PG, 52, Nike PG 1 University Red
PG, 121, Nike PG 1 Volt
PG, 20, Nike PG 1 White Ice
PG, 47, Nike PG 2 ACG
PG, 28, Nike PG 2 Anthracite Hot Punch
PG, 96, Nike PG 2 Blue Lagoon
PG, 954, Nike PG 2 Playstation
PG, 1, Nike PG 2 Pure Platinum (GS)
PG, 36, Nike PG 2.5 Black Photo Blue
PG, 4, Nike PG 2.5 Black Pure Platinum
PG, 83, Nike PG 2.5 Dark Grey
PG, 40, Nike PG 2.5 Fresno State
PG, 46, Nike PG 2.5 Pendleton
PG, 994, Nike PG 2.5 Playstation Multi-Color
PG, 553, Nike PG 2.5 Playstation White
PG, 6134, Nike PG 2.5 Playstation Wolf Grey
PG, 517, Nike PG 2.5 Playstation Wolf Grey (GS)
PG, 5, Nike PG 3 BHM (2019)
PG, 1121, Nike PG 3 NASA
PG, 38, Nike PG 3 NASA (Finishline Special Box)
PG, 14, Nike PG 3 NASA (GS)
PG, 15, PG 1 Pure Platinum
PG, 41, PG 1 The Bait
PG, 130, PG 2 All-Star (2018)
PG, 1, PG 2 All-Star 2018 (GS)
PG, 146, PG 2 Home
PG, 270, PG 2 Mamba Mentality
PG, 131, PG 2 NCAA
PG, 24, PG 2 Pure Platinum
PG, 50, PG 2 Taurus
PG, 1, PG 2 Taurus (GS)
PG, 66, PG 2 White Ice
PG, 73, PG 2.5 Moon Exploration
PG, 9, PG 2.5 Racer Blue
Kyrie, 46, Kyrie 1 BHM
Kyrie, 46, Kyrie 1 Deceptive Red
Kyrie, 16, Kyrie 2 Battle Grey
Kyrie, 51, Kyrie 2 Christmas
Kyrie, 14, Kyrie 2 Ky-Rispy Kreme (Special Box Version 1) (Windowed)
Kyrie, 3, Kyrie 2 Wolf Pack
Kyrie, 112, Kyrie 3 Aqua
Kyrie, 11, Kyrie 3 Black Yellow
Kyrie, 76, Kyrie 3 Flip the Switch
Kyrie, 6, Kyrie 3 Luck
Kyrie, 10, Kyrie 3 Ray Gun
Kyrie, 88, Kyrie 3 TB Black White
Kyrie, 217, Kyrie 4 Dark Obsidian "Think Twice"
Kyrie, 337, Kyrie 4 Mamba Mentality
Kyrie, 699, Kyrie 4 Red Carpet
Kyrie, 8, Kyrie 4 Tiffany (GS)
Kyrie, 1062, Kyrie 5 Concepts Ikhet (Special Box)
Kyrie, 221, Kyrie 5 Just Do It
Kyrie, 8, Kyrie Low 1 Black Metallic Silver
PG, 50, Nike PG 1 EYBL
Kyrie, 1, Kyrie 3 Mountain Dew K.A.R.E. Kit
Kyrie, 10, Kyrie 3 PK80
Kyrie, 41, Kyrie 3 White Chrome
Kyrie, 48, Kyrie 4 Cinnamon Toast Crunch (Special Cereal Box Package)
Kyrie, 62, Kyrie 4 Kix (Special Cereal Box Package)
Kyrie, 65, Kyrie 4 Lucky Charms (Special Cereal Box Package)
Kyrie, 15, Kyrie 4 NBA 2K18
PG, --, Nike PG 1 BHM
PG, 18, Nike PG 2 EYBL
PG, --, Nike PG 2 Playstation Pack (F&F)
Kyrie, 2, Kyrie 4 Midnight Navy
Kyrie, 314, Kyrie 4 NCAA
Kyrie, 1770, Kyrie 4 Cinnamon Toast Crunch
Kyrie, 31, Nike Kyrie S1 Hybrid Black
Kyrie, 16, Nike Kyrie S1 Hybrid Blue-Gold
Kyrie, 8, Kyrie 2 EYBL Promo
PG, 12, Nike PG 1 Black History Month (2018)
Kyrie, 2, Kyrie 1 Easter (GS)
Kyrie, 21, Kyrie 1 Rise LTD
Kyrie, 3, Kyrie 2 Drew League (Nike ID)
Kyrie, 13, Kyrie 4 Concepts Yellow Lobster
Kyrie, 87, Kyrie 5 Chinese New Year 2019
KD, --, KD 1 Texas
KD, --, KD 10 All-Star (2018)
KD, 50, KD 10 Anniversary
KD, 383, KD 10 Aunt Pearl
KD, 115, KD 10 Aunt Pearl (GS)
KD, 9, KD 10 Aunt Pearl (PS)
KD, 11, KD 10 Aunt Pearl (TD)
KD, 193, KD 10 Black History Month (2018)
KD, 116, KD 10 Black White
KD, 1, KD 10 Black White (GS)
KD, 269, KD 10 Blackout
KD, 9, KD 10 Blackout (GS)
KD, 14, KD 10 Blinders
KD, 4, KD 10 Bred (GS)
KD, 90, KD 10 Cool Grey Igloo
KD, --, KD 10 Cool Grey Igloo (W)
KD, 19, KD 10 Dark Grey
KD, 19, KD 10 Dark Stucco
KD, 70, KD 10 Finals
KD, 89, KD 10 Hyper Turquoise
KD, 137, KD 10 Multi-Color
KD, --, KD 10 NFS
KD, 235, KD 10 Numbers
KD, 18, KD 10 Olive
KD, 73, KD 10 Oreo
KD, 4, KD 10 Pale Grey
KD, 76, KD 10 Platinum
KD, 4, KD 10 Racer Blue
KD, 9, KD 10 Royal Foamposite (GS)
KD, 62, KD 10 Still KD
KD, 5, KD 10 Still KD (SNKRS Exclusive With Pin Set)
KD, 114, KD 10 University Red
KD, 1, KD 10 University Red (GS)
KD, 58, KD 10 What the
KD, 51, KD 10 Wolf Grey
KD, 1, KD 11 BHM (2019)
KD, 24, KD 11 Black Twilight Pulse
KD, 2, KD 11 Black White Racer Blue
KD, 17, KD 11 Chinese Zodiac
KD, 2, KD 11 Chinese Zodiac (GS)
KD, 33, KD 11 Cool Grey
KD, 1, KD 11 EP EYBL
KD, 1075, KD 11 EYBL
KD, 40, KD 11 EYBL (GS)
KD, 14, KD 11 Just Do It
KD, 1, KD 11 Little Big Cats (TD)
KD, 121, KD 11 Multi-Color Metallic Gold
KD, 201, KD 11 Paranoid
KD, 127, KD 11 Still KD
KD, --, KD 2 All-Star (2010)
KD, 1, KD 2 OKC Away
KD, 2, KD 3 All star
KD, --, KD 3 Carbon Fiber
KD, 6, KD 3 Christmas
KD, 1, KD 3 EA Sports
KD, 2, KD 3 LS Scoring Title
KD, --, KD 3 Midnight Navy
KD, --, KD 3 Mike Miller
KD, 2, KD 3 OKC Away
KD, 1, KD 3 OKC Home
KD, 6, KD 3 Redskins
KD, 1, KD 3 TB Black
KD, --, KD 3 TB Black White
KD, --, KD 3 TB Green
KD, --, KD 3 TB Red
KD, --, KD 3 TB Royal
KD, --, KD 3 Texas
KD, 1, KD 3 Wolf Grey Del Sol
KD, 21, KD 4 Aunt Pearl
KD, 13, KD 4 Black History Month
KD, 8, KD 4 Copper (Christmas)
KD, 22, KD 4 Easter
KD, 40, KD 4 Galaxy AS
KD, 33, KD 4 Gold Medal
KD, 4, KD 4 N7 Black
KD, 6, KD 4 N7 White
KD, 7, KD 4 Nerf
KD, 7, KD 4 Rogue Green (UNDFTD)
KD, 12, KD 4 Scoring Title
KD, 13, KD 4 Texas Longhorns
KD, 943, KD 4 Think 16 (Thunderstruck)
KD, 9, KD 4 USA Olympic
KD, 10, KD 4 Weatherman
KD, 30, KD 4 Year of the Dragon
KD, 68, KD 5 All-Star Area 72
KD, 39, KD 5 Aunt Pearl
KD, 7, KD 5 Birch
KD, 13, KD 5 Black History Month
KD, 63, KD 5 Christmas
KD, 32, KD 5 DMV
KD, 27, KD 5 Easter
KD, 8, KD 5 Elite EYBL
KD, 3, KD 5 Elite Playoffs Home
KD, 15, KD 5 Elite Superhero
KD, 5, KD 5 Elite Team Orange
KD, 7, KD 5 Elite+ White Gold
KD, 5, KD 5 Ice Blue
KD, 17, KD 5 N7
KD, 23, KD 5 Splatter
KD, 2, KD 5 What the KD
KD, 76, KD 6 Aunt Pearl
KD, 7, KD 6 Away
KD, 11, KD 6 Away II
KD, 39, KD 6 BHM
KD, 20, KD 6 Bamboo
KD, 49, KD 6 Christmas
KD, 66, KD 6 EXT Floral
KD, 24, KD 6 EXT Gum
KD, 38, KD 6 Easter
KD, 9, KD 6 Elite Fragment Royal
KD, 26, KD 6 Elite Supremacy
KD, 8, KD 6 Elite Team
KD, 20, KD 6 Energy
KD, --, KD 6 GS Candy
KD, 3, KD 6 Home II
KD, 33, KD 6 Liger
KD, 8, KD 6 Light Crimson DC
KD, 14, KD 6 Maryland Blue Crab
KD, 83, KD 6 Meteorology
KD, 31, KD 6 N7
KD, 127, KD 6 NOLA Gumbo League "Illusion"
KD, 1, KD 6 NSW Lifestyle Birthday
KD, 16, KD 6 NYC 66
KD, 1, KD 6 Neutral
KD, 28, KD 6 Peanut Butter & Jelly (PBJ)
KD, 9, KD 6 Precision Timing
KD, 11, KD 6 Seat Pleasant
KD, 16, KD 6 Supreme D.C. Preheat
KD, 15, KD 6 Texas
KD, 224, KD 6 What the KD
KD, 23, KD 7 35,000 Degrees
KD, 44, KD 7 All-Star
KD, 210, KD 7 Aunt Pearl
KD, 23, KD 7 Aunt Pearl (GS)
KD, 44, KD 7 BHM 2015
KD, 16, KD 7 Calm Before the Storm
KD, 35, KD 7 Christmas Eggnog
KD, 16, KD 7 EXT Black Suede
KD, 131, KD 7 EXT Floral
KD, 28, KD 7 EXT Plaid & Polka Dot
KD, 7, KD 7 Easter
KD, 19, KD 7 Easy Money
KD, 14, KD 7 Electric Eel
KD, 29, KD 7 Elite EYBL
KD, 6, KD 7 Elite Elevate
KD, 6, KD 7 Elite Rose Gold
KD, 8, KD 7 Elite Team Pack
KD, 14, KD 7 Flight
KD, 62, KD 7 Global Game
KD, 24, KD 7 Good Apples
KD, --, KD 7 Hyper Punch (GS)
KD, 27, KD 7 Longhorn State
KD, 19, KD 7 N7
KD, 8, KD 7 NSW Challenge Red
KD, 5, KD 7 NSW Hazelnut
KD, --, KD 7 NSW Lifestyle Betta
KD, 4, KD 7 NSW Multi-Color
KD, 6, KD 7 OKC Away
KD, 1, KD 7 Peanut Butter Jelly (GS)
KD, 4, KD 7 Texas
KD, 17, KD 7 Uprising
KD, 65, KD 7 Weatherman
KD, 199, KD 7 What the KD
KD, 16, KD 8 All Star (2016)
KD, 86, KD 8 Aunt Pearl
KD, 6, KD 8 Away
KD, 10, KD 8 BHM (2016)
KD, 7, KD 8 Blackout
KD, 37, KD 8 Christmas
KD, 1, KD 8 Christmas (GS)
KD, 20, KD 8 EXT Floral Finish
KD, 3, KD 8 EXT Sail Chrome
KD, 16, KD 8 EXT Vachetta Tan
KD, 12, KD 8 EXT Woven Wonder
KD, 14, KD 8 Easter
KD, 5, KD 8 Easter 2016 (GS)
KD, 3, KD 8 Easy Euro
KD, 19, KD 8 Elite Away
KD, 2, KD 8 Elite Home
KD, 16, KD 8 Elite Wolf Grey
KD, 25, KD 8 Hunt's Hill Night
KD, 11, KD 8 Hunt's Hill Sunrise
KD, 7, KD 8 Independence Day
KD, --, KD 8 Money Ball (GS)
KD, 15, KD 8 N7
KD, --, KD 8 NSW Lifestyle Metallic Silver
KD, 4, KD 8 OKC
KD, 1, KD 8 Opening Night
KD, 1, KD 8 Peanut Butter Jelly PBJ (GS)
KD, 16, KD 8 Prince George
KD, 61, KD 8 Suit
KD, 22, KD 8 V8
KD, 11, KD 8 Vinary
KD, 2, KD 8 Vivid Orange
KD, 15, KD 8 What the
KD, 56, KD 9 Aunt Pearl
KD, 14, KD 9 BHM (2017)
KD, 12, KD 9 Battle Grey
KD, 32, KD 9 Birds of Paradise
KD, 50, KD 9 Black Space
KD, 34, KD 9 Black White
KD, 4, KD 9 Court Ready
KD, 44, KD 9 Elite Dark Grey Hyper Orange
KD, 18, KD 9 Elite Multi-Color
KD, 11, KD 9 Elite Wanda
KD, --, KD 9 Fairmount
KD, 5, KD 9 Fire and Ice (GS)
KD, --, KD 9 Game Royal (GS)
KD, 14, KD 9 Gold Medal
KD, 21, KD 9 Hard Work
KD, 14, KD 9 Home
KD, 26, KD 9 On Court
KD, 11, KD 9 Oreo
KD, 30, KD 9 Pre-Heat
KD, 27, KD 9 Summer Pack
KD, 3, KD 9 Summer Pack (GS)
KD, 26, KD 9 Texas
KD, 11, KD 9 The Sauce
KD, 60, KD 9 USA
KD, 40, KD 9 USA (GS)
KD, 52, KD 9 Unlimited
KD, 12, KD 9 Varsity Red
KD, --, KD 9 Wanda (GS)
KD, --, KD Trey 5 III Black Anthracite
KD, --, KD Trey 5 III Childhood
KD, --, KD Trey 5 III Rise
KD, --, KD Trey 5 III Thumbs Up
KD, --, KD Trey 5 IV Crimson
KD, 11, KD Trey 5 V Anthracite Black
KD, --, KD Trey 5 V Cool Grey
KD, --, KD Trey 5 V University Red Black
KD, 7, KD Trey 5 V Warriors
KD, 4, KD Trey 5 V White Pure Platinum
KD, --, Nike KD 1 OKC Home
KD, 4, Nike KD 10 Still KD (GS)
KD, 1, Nike KD Trey 5 IV Think Pink
KD, 5, KD 10 City Edition (GS)
KD, 130, KD 10 City Series
KD, 4, KD 5 Hulk
KD, 4, KD 5 Texas
KD, 2, KD 5 Thunder Away
KD, 16, KD 6 Brazil
KD, 3, KD 6 Elite Fragment Chino
KD, 30, KD 7 Gold Medal
KD, 12, KD 7 Lightning 534
KD, 30, KD 7 USA
KD, 2, KD 8 Perserverance
KD, 15, KD 8 Photo Blue
KD, 8, KD 9 Elite Flip the Switch
KD, 41, KD 9 Elite Pale Grey
KD, 4, KD 9 Elite Pearl Pink
KD, 14, KD 9 Elite Time to Shine
KD, 131, KD 11 Multi-Color
KD, --, Nike KD Trey 5 IV White Black Multi-Color
KD, 4, KD 10 PK80
KD, 5, KD 10 Peach Jam
KD, --, KD 11 Scrooge PE
KD, --, KD 4 EYBL
KD, --, KD 4 Entourage
KD, --, KD 5 BHM (GS)
KD, 1, KD 5 Home
KD, --, KD 6 BHM (GS)
KD, 11, KD 6 Elite Gold
KD, 4, KD 6 Hero Pack
KD, 2, KD 6 Liger (GS)
KD, --, KD 6 NSW Birthday
KD, 1, KD 6 Team
KD, --, KD 7 35,000 Degrees (GS)
KD, 10, KD 7 Clearwater
KD, 1, KD 7 NSW White Ice Blue
KD, 3, KD 8 Aunt Pearl (GS)
KD, 3, KD 6 Elite EYBL
Kobe, --, KB Mentality 2 Black Volt Wolf Grey
Kobe, 10, Kobe 1 2006 All-Star
Kobe, 6, Kobe 1 Black Maize
Kobe, 6, Kobe 1 Black Mamba
Kobe, 33, Kobe 1 Black Mamba Collection Fade to Black
Kobe, 3, Kobe 1 Blackout
Kobe, 57, Kobe 1 Prelude (81 Points)
Kobe, 131, Kobe 1 Protro 81 Pt Game
Kobe, 1417, Kobe 1 Protro Black Maize
Kobe, 27, Kobe 1 Protro DeMar DeRozan
Kobe, 34, Kobe 1 Protro Devin Booker PE
Kobe, 505, Kobe 1 Protro MPLS
Kobe, 828, Kobe 1 Protro Mamba Day
Kobe, 1751, Kobe 1 Protro Think 16 (Close Out)
Kobe, 1806, Kobe 1 Protro Undefeated Camo
Kobe, 20, Kobe 1 Protro Undefeated Flight Jacket
Kobe, 218, Kobe 1 Protro Undefeated Green Camo (Silver Lake)
Kobe, 208, Kobe 1 Protro Undefeated Orange Camo (Phoenix)
Kobe, 237, Kobe 1 Protro Undefeated Red Camo (Santa Monica)
Kobe, 848, Kobe 1 Protro Undefeated White
Kobe, 253, Kobe 1 Protro Undefeated Yellow Camo (La Brea)
Kobe, 402, Kobe 1 Protro White Black Red
Kobe, 1, Kobe 1 Sharpshooter
Kobe, 2, Kobe 1 White Shark
Kobe, 25, Kobe 10 5AM Flight
Kobe, 20, Kobe 10 Blackout
Kobe, 12, Kobe 10 Bright Crimson
Kobe, 2, Kobe 10 EXT High Black
Kobe, 3, Kobe 10 EXT White Gum
Kobe, --, Kobe 10 Easter (GS)
Kobe, 18, Kobe 10 Elite American
Kobe, 109, Kobe 10 Elite Chester
Kobe, 177, Kobe 10 Elite Christmas
Kobe, 26, Kobe 10 Elite Commander
Kobe, 16, Kobe 10 Elite Elite High Elevate
Kobe, 56, Kobe 10 Elite Elite High Rose Gold Pack
Kobe, 47, Kobe 10 Elite Elite High Team Pack
Kobe, --, Kobe 10 Elite Ext White Gum
Kobe, 13, Kobe 10 Elite HTM Arrowhead
Kobe, 1, Kobe 10 Elite HTM Arrowhead EU Exclusive
Kobe, 42, Kobe 10 Elite HTM Oreo
Kobe, 18, Kobe 10 Elite HTM Racecar
Kobe, 23, Kobe 10 Elite HTM Shark Jaw
Kobe, 35, Kobe 10 Elite Low Black Mamba Collection Fade to Black
Kobe, 84, Kobe 10 Elite Low Drill Sergeant
Kobe, 43, Kobe 10 Elite Low Opening Night
Kobe, 141, Kobe 10 Elite Mambacurial
Kobe, 18, Kobe 10 Elite Opening Night
Kobe, 65, Kobe 10 Emerald City
Kobe, 24, Kobe 10 Flight
Kobe, 36, Kobe 10 Fundamentals
Kobe, 51, Kobe 10 Hot Lava
Kobe, 49, Kobe 10 Independence Day
Kobe, 19, Kobe 10 Pain
Kobe, 91, Kobe 10 Peach Jam
Kobe, 10, Kobe 10 Silk Road
Kobe, 40, Kobe 11 3D
Kobe, --, Kobe 11 Achilles Heel (GS)
Kobe, 2, Kobe 11 Alt Tumbled Grey
Kobe, --, Kobe 11 Aquamarine
Kobe, 41, Kobe 11 Brave Blue
Kobe, 35, Kobe 11 Carpe Diem
Kobe, 75, Kobe 11 EM Low Barcelona
Kobe, 29, Kobe 11 EM Low Black Cool Grey
Kobe, 10, Kobe 11 EM Low Fundamental
Kobe, 10, Kobe 11 EM Low Green Snake (GS)
Kobe, 48, Kobe 11 EM Low Invisibility Cloak
Kobe, 201, Kobe 11 EM Low Mambacurial
Kobe, 33, Kobe 11 EM Low Summer Pack
Kobe, 103, Kobe 11 Elite Low 4KB
Kobe, 44, Kobe 11 Elite Low 4KB Black Horse
Kobe, 42, Kobe 11 Elite Low 4KB Pale Horse
Kobe, 100, Kobe 11 Elite Low 4KB Red Horse
Kobe, 96, Kobe 11 Elite Low Achilles Heel
Kobe, 141, Kobe 11 Elite Low All Star (2016)
Kobe, 83, Kobe 11 Elite Low BHM (2016)
Kobe, 100, Kobe 11 Elite Low Black Mamba Collection Fade to Black
Kobe, 60, Kobe 11 Elite Low Black Space
Kobe, 5, Kobe 11 Elite Low Brazil
Kobe, 166, Kobe 11 Elite Low Bruce Lee
Kobe, 35, Kobe 11 Elite Low Easter
Kobe, 89, Kobe 11 Elite Low Eulogy Hyper Grape
Kobe, 55, Kobe 11 Elite Low FCB Mambacurial
Kobe, 30, Kobe 11 Elite Low Last Emperor
Kobe, 73, Kobe 11 Elite Low Mark Parker
Kobe, 88, Kobe 11 Elite Low Master of Innovation
Kobe, 63, Kobe 11 Elite Low Oreo
Kobe, 1, Kobe 11 Elite Low Oreo (GS)
Kobe, --, Kobe 11 Elite Low TV (GS)
Kobe, 133, Kobe 11 Elite Low Tinker
Kobe, 57, Kobe 11 Elite Low USA
Kobe, 3, Kobe 11 Grey Black
Kobe, 88, Kobe 11 Low Draft Day
Kobe, 133, Kobe 11 Low Mamba Day (Black)
Kobe, 36, Kobe 11 Lower Merion
Kobe, 22, Kobe 11 Quai 54
Kobe, 61, Kobe 11 Sunset
Kobe, 37, Kobe 11 Team Bank Black
Kobe, --, Kobe 11 Team Bank Game Royal
Kobe, 4, Kobe 11 Team Bank Gorge Green
Kobe, --, Kobe 11 Team Bank Midnight Navy
Kobe, --, Kobe 11 Team Bank University Red
Kobe, 1, Kobe 11 Team Bank White
Kobe, 31, Kobe 2 Black Mamba Collection Fade to Black
Kobe, 41, Kobe 2 Prelude (4-50+ Points)
Kobe, 32, Kobe 3 Black Mamba Collection Fade to Black
Kobe, 41, Kobe 3 Prelude (Misery)
Kobe, 6, Kobe 4 All Star
Kobe, 45, Kobe 4 Black Mamba Collection Fade to Black
Kobe, 10, Kobe 4 Black White Varsity Red
Kobe, 10, Kobe 4 Carpe Diem
Kobe, 7, Kobe 4 Del Sol
Kobe, 10, Kobe 4 Gold Medal
Kobe, 8, Kobe 4 Gradient Away
Kobe, 11, Kobe 4 Gradient Home
Kobe, 13, Kobe 4 Hornets
Kobe, 7, Kobe 4 Inline
Kobe, 5, Kobe 4 MLK Gold
Kobe, 10, Kobe 4 MPLS
Kobe, 11, Kobe 4 NBA Final MVP Away
Kobe, 7, Kobe 4 NBA Final MVP Home
Kobe, 15, Kobe 4 POP
Kobe, 61, Kobe 4 Prelude (Finals MVP)
Kobe, 1, Kobe 4 USC Trojans
Kobe, 8, Kobe 5 5 Rings
Kobe, 10, Kobe 5 All Star
Kobe, 1, Kobe 5 Aston Martin Pack
Kobe, 7, Kobe 5 Big Stage Away
Kobe, 7, Kobe 5 Big Stage Home
Kobe, 40, Kobe 5 Black Mamba Collection Fade to Black
Kobe, 2, Kobe 5 Blackout
Kobe, 25, Kobe 5 Bruce Lee
Kobe, 15, Kobe 5 Dark Knight
Kobe, 7, Kobe 5 Draft Day
Kobe, 34, Kobe 5 Joker (Chaos)
Kobe, 5, Kobe 5 Lower Merion Aces (Away)
Kobe, 13, Kobe 5 POP Away
Kobe, 55, Kobe 5 Prelude (Finals MVP)
Kobe, 2, Kobe 5 USC Trojans
Kobe, 14, Kobe 6 ASG East LA
Kobe, 11, Kobe 6 ASG Hollywood 3D
Kobe, 13, Kobe 6 ASG Orange County Sunset
Kobe, 19, Kobe 6 ASG West Challenge Red
Kobe, 20, Kobe 6 BHM (2011)
Kobe, 15, Kobe 6 Black Del Sol
Kobe, 50, Kobe 6 Black Mamba Collection Fade to Black
Kobe, 11, Kobe 6 Blue Camo
Kobe, 4, Kobe 6 Bred
Kobe, 12, Kobe 6 China 3D
Kobe, 9, Kobe 6 Concord
Kobe, 3, Kobe 6 Draft Day
Kobe, 5, Kobe 6 FC Barcelona Home
Kobe, 1, Kobe 6 FC Barcelona Mango
Kobe, --, Kobe 6 Grey Black
Kobe, 53, Kobe 6 Grinch
Kobe, 15, Kobe 6 Helicopter
Kobe, 8, Kobe 6 Imperial Purple
Kobe, 3, Kobe 6 Italian Camo
Kobe, 5, Kobe 6 Kay Yow Think Pink
Kobe, 4, Kobe 6 Lakers Home
Kobe, 8, Kobe 6 Lightbulb
Kobe, 9, Kobe 6 Lower Merion Aces
Kobe, 61, Kobe 6 Prelude (All Star MVP)
Kobe, --, Kobe 6 Purple Gradient
Kobe, 26, Kobe 6 Supreme Chaos
Kobe, 21, Kobe 6 Supreme Rice
Kobe, 3, Kobe 6 Team Bank Colorways
Kobe, 2, Kobe 6 Urban Camo
Kobe, 4, Kobe 7 Barcelona (Away)
Kobe, 3, Kobe 7 Barcelona (Home)
Kobe, 8, Kobe 7 Black History Month
Kobe, 33, Kobe 7 Black Mamba Collection Fade to Black
Kobe, 19, Kobe 7 Black White Del Sol
Kobe, 3, Kobe 7 Black White Wolf Grey
Kobe, 32, Kobe 7 Cheetah
Kobe, 63, Kobe 7 Christmas (Leopard)
Kobe, --, Kobe 7 Concord
Kobe, 4, Kobe 7 Duke
Kobe, 21, Kobe 7 Elite (Away)
Kobe, 25, Kobe 7 Elite (Home)
Kobe, 4, Kobe 7 Fireberry (London)
Kobe, 2, Kobe 7 Galaxy (GS)
Kobe, 58, Kobe 7 Galaxy AS
Kobe, 14, Kobe 7 Gold Medal
Kobe, 3, Kobe 7 Grey Cheetah
Kobe, 45, Kobe 7 Invisibility Cloak
Kobe, 7, Kobe 7 Lakers Home
Kobe, 6, Kobe 7 Lower Merion Aces
Kobe, 3, Kobe 7 Opening Day
Kobe, 2, Kobe 7 Poison Dart Frog (Blue)
Kobe, 1, Kobe 7 Poison Dart Frog (GS)
Kobe, 17, Kobe 7 Poison Dart Frog (LAL)
Kobe, 33, Kobe 7 Poison Dart Frog (Mint)
Kobe, 42, Kobe 7 Prelude (London)
Kobe, 11, Kobe 7 Shark
Kobe, --, Kobe 7 Team Bank Black
Kobe, --, Kobe 7 Team Bank Gorge Green
Kobe, --, Kobe 7 Team Bank Gym Red
Kobe, --, Kobe 7 Team Bank Orange Blaze
Kobe, 5, Kobe 7 USA Olympic
Kobe, 31, Kobe 7 What the Kobe
Kobe, 5, Kobe 7 Wolf
Kobe, 15, Kobe 7 Year of the Dragon
Kobe, 6, Kobe 7 Yin and Yang
Kobe, 20, Kobe 8 Barcelona Tiger
Kobe, 36, Kobe 8 Black Mamba Collection Fade to Black
Kobe, 16, Kobe 8 Blue Blitz
Kobe, 22, Kobe 8 Challenge Red
Kobe, 84, Kobe 8 Christmas (2012)
Kobe, 27, Kobe 8 EXT Year of the Snake (Black)
Kobe, 32, Kobe 8 EXT Year of the Snake (Red)
Kobe, 95, Kobe 8 Easter
Kobe, 56, Kobe 8 Elite Supehero
Kobe, 12, Kobe 8 Elite+ Black Gold
Kobe, 52, Kobe 8 GC Venice Beach
Kobe, 13, Kobe 8 Graffiti
Kobe, --, Kobe 8 Graffiti (GS)
Kobe, 55, Kobe 8 Mambacurial
Kobe, 30, Kobe 8 Milk Snake
Kobe, 11, Kobe 8 Mine Grey
Kobe, --, Kobe 8 NSW Gorge Green
Kobe, 6, Kobe 8 NSW Mexican Blanket
Kobe, 41, Kobe 8 Pit Viper
Kobe, 51, Kobe 8 Playoffs Purple Platinum
Kobe, 43, Kobe 8 Prelude (Reflection)
Kobe, 16, Kobe 8 Python
Kobe, 136, Kobe 8 SS Christmas (2013)
Kobe, 3, Kobe 8 SS Christmas 2013 (GS)
Kobe, 1, Kobe 8 Shanghai Fireworks
Kobe, 20, Kobe 8 Sulfur - Electric
Kobe, 6, Kobe 8 System Green Glow Laser Orange
Kobe, 2, Kobe 8 System Philippines Black Silver
Kobe, 10, Kobe 8 Volt
Kobe, 113, Kobe 8 What the Kobe (WTK)
Kobe, 43, Kobe 8 Year of the Horse
Kobe, 34, Kobe 8 Year of the Snake (Port)
Kobe, 81, Kobe 8+ All-Star Area 72
Kobe, 12, Kobe 8+ Supernatural
Kobe, 2, Kobe 9 EM Deep Garnet
Kobe, 6, Kobe 9 EM Gym Blue University Gold
Kobe, 17, Kobe 9 EM Low Brazil
Kobe, 88, Kobe 9 EM Low Bruce Lee
Kobe, 54, Kobe 9 EM Low China
Kobe, 10, Kobe 9 EM Low Dusty Cactus
Kobe, 70, Kobe 9 EM Low Easter
Kobe, 16, Kobe 9 EM Low Hyper Cobalt
Kobe, 19, Kobe 9 EM Low Indpendence Day
Kobe, 1, Kobe 9 EM Low Metallic Silver
Kobe, 9, Kobe 9 EM Low Peach Mango
Kobe, 36, Kobe 9 EM Low Phillipines
Kobe, 24, Kobe 9 EM Low Unleashed
Kobe, 4, Kobe 9 EM XDR China
Kobe, --, Kobe 9 EXT Black Mamba
Kobe, 41, Kobe 9 EXT High Snakeskin
Kobe, 26, Kobe 9 EXT Mid Black Mamba
Kobe, 114, Kobe 9 Elite Black History Month
Kobe, 54, Kobe 9 Elite Black Mamba Collection Fade to Black
Kobe, 24, Kobe 9 Elite Brave Blue
Kobe, 113, Kobe 9 Elite Christmas (2014)
Kobe, 90, Kobe 9 Elite Detail
Kobe, --, Kobe 9 Elite GS Barbershop
Kobe, 56, Kobe 9 Elite Gold Fundamentals
Kobe, 31, Kobe 9 Elite Hero Draft Day Expression
Kobe, 35, Kobe 9 Elite Influence
Kobe, 60, Kobe 9 Elite Inspiration
Kobe, --, Kobe 9 Elite Lakers (GS)
Kobe, 93, Kobe 9 Elite Low Beethoven
Kobe, --, Kobe 9 Elite Low HTM Milan (All Colors)
Kobe, 90, Kobe 9 Elite Low Michael Jackson Moonwalker
Kobe, 22, Kobe 9 Elite Low Multicolor (NikeID)(Black Tongue)
Kobe, --, Kobe 9 Elite Low Multicolor (NikeID)(White Tongue)
Kobe, 76, Kobe 9 Elite Low University Red
Kobe, 44, Kobe 9 Elite Masterpiece
Kobe, 169, Kobe 9 Elite NOLA Gumbo League "Maestro"
Kobe, 76, Kobe 9 Elite Perspective
Kobe, 1, Kobe 9 Elite Perspective (GS)
Kobe, 1, Kobe 9 Elite Premium Low HTM Milan Black
Kobe, 2, Kobe 9 Elite Premium Low HTM Milan Black Multi-Color
Kobe, --, Kobe 9 Elite Premium Low HTM Milan Grey
Kobe, 1, Kobe 9 Elite Premium Low HTM Milan White Multi-Color
Kobe, 1, Kobe 9 Elite Premium QS Black
Kobe, 1, Kobe 9 Elite Premium QS Volt
Kobe, 37, Kobe 9 Elite Sequoia
Kobe, 66, Kobe 9 Elite Team Showtime
Kobe, 34, Kobe 9 Elite Victory Restored
Kobe, 238, Kobe 9 Elite What the Kobe
Kobe, 18, Kobe 9 High KRM EXT Black Mamba
Kobe, 36, Kobe 9 KRM EXT High Red Mamba
Kobe, 2, Kobe 9 NSW Year of the Horse
Kobe, 44, Kobe A.D. Baseline White Court Purple
Kobe, 2, Kobe A.D. Baseline White Gum
Kobe, 98, Kobe A.D. Big Stage
Kobe, 286, Kobe A.D. Black Gum
Kobe, 3, Kobe A.D. Black History Month (2017)
Kobe, 66, Kobe A.D. Black Mamba
Kobe, 26, Kobe A.D. Black White
Kobe, 374, Kobe A.D. DeMar DeRozan Blue
Kobe, 3, Kobe A.D. DeMar DeRozan Bred PE
Kobe, 39, Kobe A.D. Derozan PE Compton
Kobe, 109, Kobe A.D. Detached
Kobe, 62, Kobe A.D. Fearless
Kobe, 119, Kobe A.D. Flip the Switch
Kobe, 33, Kobe A.D. Grey Snake
Kobe, 131, Kobe A.D. Honesty
Kobe, 96, Kobe A.D. Igloo
Kobe, 34, Kobe A.D. Isaiah Thomas PE
Kobe, 222, Kobe A.D. Lakers Black Mamba
Kobe, 59, Kobe A.D. Light Bone
Kobe, 9, Kobe A.D. Light Bone (GS)
Kobe, 7, Kobe A.D. Midnight Navy
Kobe, 46, Kobe A.D. NCAA
Kobe, 102, Kobe A.D. NXT Black White
Kobe, 142, Kobe A.D. NXT Mambacurial
Kobe, 173, Kobe A.D. NXT University Red
Kobe, 186, Kobe A.D. NXT White Black
Kobe, 70, Kobe A.D. NXT Wolf Grey
Kobe, 36, Kobe A.D. Optimism
Kobe, 52, Kobe A.D. Oregon
Kobe, 89, Kobe A.D. Passion
Kobe, 82, Kobe A.D. Pure Platinum
Kobe, 64, Kobe A.D. Purple Stardust
Kobe, 109, Kobe A.D. Rise
Kobe, 2, Kobe A.D. TB Black
Kobe, 1, Kobe A.D. TB Game Royal
Kobe, 2, Kobe A.D. TB Gorge Green
Kobe, --, Kobe A.D. TB Midnight Navy
Kobe, 1, Kobe A.D. TB University Red
Kobe, 3, Kobe A.D. TB White Black
Kobe, --, Kobe A.D. TB Wolf Grey
Kobe, --, Kobe A.D. Time to Shine
Kobe, 69, Kobe A.D. University Red
Kobe, 20, Kobe A.D. White Black
Kobe, 60, Kobe A.D. White Ice
Kobe, 34, Kobe AD Black Purple
Kobe, 14, Kobe AD Black Racer Blue
Kobe, 3, Kobe AD Green Strike
Kobe, 11, Kobe AD Lakers Amarillo
Kobe, 15, Kobe AD Lakers Hyper Grape
Kobe, --, Kobe AD Midnight Navy
Kobe, --, Kobe AD Military Blue
Kobe, 41, Kobe AD Moon Particle
Kobe, --, Kobe AD Orange Blaze
Kobe, 3, Kobe AD Pacific Blue
Kobe, 3, Kobe AD Promo University Gold
Kobe, 801, Kobe AD Sail Multi-Color
Kobe, --, Kobe AD TB Purple
Kobe, --, Kobe AD TB University Blue
Kobe, 52, Kobe AD White Black
Kobe, 1, Kobe AD White Rush Blue
Kobe, 11, Kobe Aston Martin Pack V-Hyperdunk
Kobe, 965, Kobe NXT 360 Black Multi-Color
Kobe, 71, Kobe NXT 360 Black Multi-Color 2.0
Kobe, 272, Kobe NXT 360 Infrared
Kobe, 283, Kobe NXT 360 Yellow Strike
Kobe, 5, Kobe Venomenon 4 Glow-In-The-Dark
Kobe, --, Nike KB Mentality 2 Game Royal University Red
Kobe, 11, Nike KB Mentality Black Metallic Gold Chilling Red
Kobe, 5, Nike Kobe 4 Chaos Joker
Kobe, 1, Nike Kobe 6 Metallic Silver Metallic Silver White
Kobe, 160, Nike Kobe A.D. Devin Booker PE
Kobe, 105, Nike Kobe Elite Low 4KB Liquid Lime
Kobe, --, Nike Kobe X Blackout Blackout (GS)
Kobe, 23, Nike Mamba Instinct Anthracite Black
Kobe, 1, Nike Mamba Instinct Bred
Kobe, --, Nike Mamba Instinct Dark Grey
Kobe, 1, Nike Mamba Instinct Pure Platinum
Kobe, 2, Nike Mamba Rage Anthracite Aurora Green (GS)
Kobe, --, Nike Mamba Rage Blue Nebula
Kobe, --, Nike Mamba Rage Lakers Away
Kobe, 2, Nike Mamba Rage Pink Blast
Kobe, 24, Nike Zoom Huarache 2K4 Black Mamba Collection Fade to Black
Kobe, 1, Zoom Kobe 2 Carpe Diem
Kobe, --, Zoom Kobe 2 Lakers
Kobe, --, Zoom Kobe 4 Black White Royal Red
Kobe, 1, Zoom Kobe Icon Black White
Kobe, 1, Zoom Kobe Icon Metallic Gold
Kobe, --, Zoom Kobe Venomenon 4 Diffused Jade
Kobe, --, Zoom Kobe Venomenon 5 Black Metallic
Kobe, 312, Kobe 1 Protro Purple Reign
Kobe, 9, Kobe 1 Protro USA
Kobe, 67, Kobe 10 All Star
Kobe, 18, Kobe 10 Easter
Kobe, 184, Kobe 10 Elite High What the
Kobe, 39, Kobe 10 Radiant Emerald
Kobe, 17, Kobe 10 Vino
Kobe, 2, Kobe 2 ST USA
Kobe, 7, Kobe 4 Four Rings
Kobe, 1, Kobe 4 Rice High School PE Home
Kobe, --, Kobe 5 Lower Merion Aces Home
Kobe, 24, Kobe 5 Prelude (Finals MVP) (GS)
Kobe, 5, Kobe 6 Dark Knight
Kobe, 3, Kobe 6 Steelers
Kobe, --, Kobe 7 Team Bank Game Royal
Kobe, 17, Kobe 8 Blue Glow
Kobe, 1, Kobe 8 Pit Viper (GS)
Kobe, 12, Kobe 8 Sport Pack All-Star (2013)
Kobe, 29, Kobe 9 EM Low Laser Crimson
Kobe, 20, Kobe 9 EM Low Silk
Kobe, 64, Kobe A.D. Black White Gum
Kobe, 31, Kobe A.D. NXT Volt
Kobe, 118, Kobe A.D. Port Wine
Kobe, 40, Kobe A.D. Ruthless Precision
Kobe, 213, Kobe AD Black Multi-Color
Kobe, 120, Kobe NXT 360 Multi-Color
Kobe, 164, Kobe NXT 360 White Multi-Color
Kobe, 181, Nike Mamba Rage Grinch
Kobe, --, Kobe 1 Protro Noise Cancelling Pack
Kobe, 3, Kobe 1 Protro Undefeated Purple (F&F)
Kobe, 7, Kobe 10 EXT Liquid Gold
Kobe, --, Kobe 11 Kentucky Away PE
Kobe, 2, Kobe 11 Low Quai54 (Friends & Family)
Kobe, --, Kobe 11 Peach Jam PE
Kobe, 12, Kobe 3 Prelude Misery (GS)
Kobe, 2, Kobe 4 Rice High School PE Away
Kobe, 5, Kobe 6 Prelude All-Star MVP (GS)
Kobe, 2, Kobe 7 Christmas (GS)
Kobe, 5, Kobe 7 Prelude (GS)
Kobe, 33, Kobe 8 Black History Month
Kobe, 6, Kobe A.D. PK80
Kobe, 2, Kobe 4 Lower Merion
Kobe, --, Kobe 10 5AM Flight (GS)
Kobe, --, Kobe 10 All Star (GS)
Kobe, --, Kobe 10 High EXT White Gum
Kobe, 5, Kobe 10 Mid EXT Black Metallic Gold
Kobe, 2, Kobe 2 Prelude (4-50+ Points) (GS)
Kobe, 8, Kobe 5 Lakers
Kobe, --, Kobe 8 Mine Grey (GS)
Kobe, 2, Kobe 8 Prelude Reflectiion (GS)
Kobe, --, Kobe 9 EM Deep Garnet (GS)
Kobe, --, Kobe 9 Easter (GS)
Kobe, 3, Kobe 9 Elite Masterpiece (GS)
Kobe, 1, Kobe 9 Elite Purple Venom (GS)
Kobe, --, Kobe 9 High EXT Black Mamba
Kobe, --, Kobe 9 Low Mamba Moment
Kobe, 2, Kobe 9 Peach Jam
Kobe, --, Nike KB Mentality Lakers (GS)
Kobe, --, Nike KB Mentality White Metallic Gold Black
Kobe, 4, Nike Kobe 1 MPLS
Kobe, 12, Kobe 11 Elite GCR Great Career Recall
Lebron, 469, Air Zoom Generation Black White Retro
Lebron, 1656, Air Zoom Generation SVSM Retro
Lebron, 68, Air Zoom Generation Vachetta Tan
Lebron, 234, Air Zoom Generation White Black Retro
Lebron, 26, LeBron 11 Akron vs. Miami
Lebron, 4, LeBron 11 All-Star (GS)
Lebron, 52, LeBron 11 Away
Lebron, 76, LeBron 11 Black History Month
Lebron, 1, LeBron 11 Black History Month (GS)
Lebron, 14, LeBron 11 Blackout
Lebron, 118, LeBron 11 Christmas
Lebron, 1, LeBron 11 Christmas (GS)
Lebron, 15, LeBron 11 Diffused Jade
Lebron, 17, LeBron 11 Dunkman
Lebron, 36, LeBron 11 EXT Blue Suede
Lebron, 33, LeBron 11 EXT Denim
Lebron, 57, LeBron 11 EXT Kings Crown
Lebron, 17, LeBron 11 Elite Black Gold
Lebron, 45, LeBron 11 Elite Hero
Lebron, 15, LeBron 11 Elite Maison 3M Blue
Lebron, 52, LeBron 11 Elite SE Metallic Gold
Lebron, 30, LeBron 11 Elite Team
Lebron, 43, LeBron 11 Everglades
Lebron, 27, LeBron 11 Forging Iron
Lebron, 24, LeBron 11 Gamma Blue
Lebron, 58, LeBron 11 Graffiti
Lebron, 26, LeBron 11 Independence Day
Lebron, 113, LeBron 11 King's Pride
Lebron, 7, LeBron 11 Knicks
Lebron, 4, LeBron 11 Low Biscayne
Lebron, 51, LeBron 11 Low Black Gum
Lebron, 41, LeBron 11 Low China
Lebron, 4, LeBron 11 Low Dunkman
Lebron, 21, LeBron 11 Low Easter
Lebron, --, LeBron 11 Low Entourage (GS)
Lebron, 8, LeBron 11 Low Floridian
Lebron, 6, LeBron 11 Low Independence Day
Lebron, 1, LeBron 11 Low Laser Crimson
Lebron, 5, LeBron 11 Low Magnet Grey
Lebron, 11, LeBron 11 Low Maison Polka Dots
Lebron, 35, LeBron 11 Low SE Multi-Color
Lebron, 21, LeBron 11 Low Sprite
Lebron, 1, LeBron 11 Low Turbo Green
Lebron, 8, LeBron 11 Maison Luster Volt
Lebron, 75, LeBron 11 Miami Nights
Lebron, 69, LeBron 11 NBA 2K14
Lebron, 307, LeBron 11 NOLA Gumbo League "Gator King"
Lebron, --, LeBron 11 NSW Hazelnut
Lebron, --, LeBron 11 NSW King of Miami
Lebron, --, LeBron 11 NSW King of the Streets
Lebron, --, LeBron 11 NSW Leopard
Lebron, --, LeBron 11 NSW Lifestyle BHM (2014)
Lebron, --, LeBron 11 NSW Miami Vice
Lebron, --, LeBron 11 NSW University Red
Lebron, 156, LeBron 11 South Beach
Lebron, --, LeBron 11 South Beach (GS)
Lebron, 30, LeBron 11 Summit Lake Hornets
Lebron, 4, LeBron 11 T-Rex (GS)
Lebron, 30, LeBron 11 Terracotta Warrior
Lebron, 522, LeBron 11 What the LeBron
Lebron, 52, LeBron 12 23 Chromosomes
Lebron, 24, LeBron 12 Akron Birch
Lebron, 1, LeBron 12 Akron Birch (GS)
Lebron, 43, LeBron 12 All Star Game
Lebron, 31, LeBron 12 BHM 2015
Lebron, --, LeBron 12 Buckets (GS)
Lebron, 34, LeBron 12 Data
Lebron, 31, LeBron 12 Double Helix
Lebron, 14, LeBron 12 Dunk Force
Lebron, 80, LeBron 12 EXT Cork
Lebron, 39, LeBron 12 EXT King's Cloak
Lebron, 43, LeBron 12 EXT Prism
Lebron, 40, LeBron 12 EXT Rubber City
Lebron, 17, LeBron 12 EXT Tennis Ball
Lebron, 43, LeBron 12 EXT Wheat
Lebron, 12, LeBron 12 Easter
Lebron, 19, LeBron 12 Elite Elevate
Lebron, 14, LeBron 12 Elite Rose Gold
Lebron, 28, LeBron 12 Elite SP Pigalle
Lebron, 23, LeBron 12 Elite Team
Lebron, 8, LeBron 12 Flight
Lebron, 2, LeBron 12 Fruity Pebbles (GS)
Lebron, 52, LeBron 12 Heart of a Lion
Lebron, 31, LeBron 12 Independence Day
Lebron, 21, LeBron 12 Instinct
Lebron, --, LeBron 12 Low Cavs Classic
Lebron, 29, LeBron 12 Low Court Purple
Lebron, 9, LeBron 12 Low Earned
Lebron, --, LeBron 12 Low Gone Fishing (GS)
Lebron, 6, LeBron 12 Low Hyper Cobalt
Lebron, 33, LeBron 12 Low LeBronold Palmer PRM
Lebron, 55, LeBron 12 Low LeBronold Palmer PRM EP
Lebron, 23, LeBron 12 Low Remix
Lebron, 28, LeBron 12 Low SVSM
Lebron, 46, LeBron 12 Low University Red
Lebron, 50, LeBron 12 NSRL
Lebron, 7, LeBron 12 NSW Black Challenge Red
Lebron, 1, LeBron 12 NSW Challenge Red
Lebron, 2, LeBron 12 NSW Fireberry Denim
Lebron, 1, LeBron 12 NSW Lights Out
Lebron, 2, LeBron 12 NSW Lion's Mane
Lebron, --, LeBron 12 NSW White
Lebron, --, LeBron 12 Reptile (GS)
Lebron, 17, LeBron 12 Six Meridians
Lebron, --, LeBron 12 Superman (GS)
Lebron, 20, LeBron 12 Trillion Dollar Man
Lebron, 21, LeBron 12 What If
Lebron, 166, LeBron 12 What the LeBron
Lebron, 40, LeBron 12 Witness
Lebron, 46, LeBron 13 All-Star (2016)
Lebron, --, LeBron 13 Away (GS)
Lebron, 15, LeBron 13 BHM (2016)
Lebron, 2, LeBron 13 Balance
Lebron, 38, LeBron 13 Black Lion
Lebron, 6, LeBron 13 Blue Lagoon
Lebron, 3, LeBron 13 Bronze
Lebron, --, LeBron 13 Bronze (GS)
Lebron, 29, LeBron 13 Christmas
Lebron, --, LeBron 13 Christmas (GS)
Lebron, 42, LeBron 13 Doernbecher
Lebron, 2, LeBron 13 Doernbecher (GS)
Lebron, 9, LeBron 13 EXT Luxbron
Lebron, 14, LeBron 13 Easter
Lebron, 2, LeBron 13 Elite Black
Lebron, 30, LeBron 13 Elite Built For Battle
Lebron, 5, LeBron 13 Elite Game Time
Lebron, 9, LeBron 13 Elite Gold
Lebron, 7, LeBron 13 Elite University Red
Lebron, 70, LeBron 13 Friday the 13th
Lebron, 27, LeBron 13 Lava
Lebron, 65, LeBron 13 Low Anthracite Gum
Lebron, 5, LeBron 13 Low Birds of Paradise
Lebron, 4, LeBron 13 Low Black Red
Lebron, --, LeBron 13 Low Black Red White
Lebron, 13, LeBron 13 Low Cavs
Lebron, 7, LeBron 13 Low Cool Grey
Lebron, 40, LeBron 13 Low Family Foundation
Lebron, 8, LeBron 13 Low Metallic Silver
Lebron, 6, LeBron 13 Low Olympic
Lebron, 6, LeBron 13 Low Phantom
Lebron, 28, LeBron 13 Low Team Red Gum
Lebron, 2, LeBron 13 Low USA
Lebron, 32, LeBron 13 Midnight Navy
Lebron, 4, LeBron 13 On Court
Lebron, 24, LeBron 13 Pot of Gold
Lebron, 41, LeBron 14 Agimat
Lebron, --, LeBron 14 Agimat (Special Box)
Lebron, 28, LeBron 14 BHM (2017)
Lebron, 77, LeBron 14 Bred
Lebron, 7, LeBron 14 Cocoa Beach (GS)
Lebron, 74, LeBron 14 Flip the Switch
Lebron, --, LeBron 14 Flip the Switch (GS)
Lebron, 18, LeBron 14 Low Dunkman
Lebron, 33, LeBron 14 Low Light Bone
Lebron, 10, LeBron 14 Low Mint Foam
Lebron, 3, LeBron 14 Low Prism Pink
Lebron, 86, LeBron 14 MAG
Lebron, --, LeBron 14 Mag (GS)
Lebron, 28, LeBron 14 Out of Nowhere
Lebron, 11, LeBron 14 Red Carpet
Lebron, 3, LeBron 14 Ric Flair (GS)
Lebron, 58, LeBron 14 Silver
Lebron, 1, LeBron 14 The Undertaker (GS)
Lebron, 4, LeBron 14 Time to Shine
Lebron, 3, LeBron 14 Ultimate Warrior (GS)
Lebron, 22, LeBron 14 University Red
Lebron, 3, LeBron 14 University Red (GS)
Lebron, 24, LeBron 14 Wine
Lebron, 35, LeBron 14 Zero Dark Thirty 23
Lebron, 391, LeBron 15 Ashes
Lebron, 3, LeBron 15 Ashes (GS)
Lebron, 34, LeBron 15 BHM (2018)
Lebron, 413, LeBron 15 Black Bright Crimson
Lebron, 79, LeBron 15 Black Bright Crimson (GS)
Lebron, 556, LeBron 15 Black Gold
Lebron, 128, LeBron 15 Black Gum
Lebron, 194, LeBron 15 Black History Month (2018)
Lebron, 919, LeBron 15 Cereal
Lebron, 262, LeBron 15 City Series
Lebron, 8, LeBron 15 Diamond Turf (House of Hoops Special Box and Accessories)
Lebron, --, LeBron 15 EP Black Gum
Lebron, 57, LeBron 15 Fruity Pebbles (GS)
Lebron, 288, LeBron 15 Ghost
Lebron, 26, LeBron 15 Ghost (GS)
Lebron, 464, LeBron 15 Graffiti
Lebron, 29, LeBron 15 Graffiti (GS)
Lebron, 760, LeBron 15 Griffey
Lebron, 4, LeBron 15 Griffey (House of Hoops Special Box and Accessories)
Lebron, 358, LeBron 15 Lifestyle KITH Concrete
Lebron, 302, LeBron 15 Lifestyle KITH Stained Glass
Lebron, 102, LeBron 15 Low Blackout
Lebron, 107, LeBron 15 Low Melon
Lebron, 63, LeBron 15 Low Signal Blue
Lebron, 63, LeBron 15 Low Supernova
Lebron, 117, LeBron 15 Low University Red
Lebron, 634, LeBron 15 Multi-Color
Lebron, 19, LeBron 15 Multi-Color (GS)
Lebron, 3, LeBron 15 Multi-Color (PS)
Lebron, 387, LeBron 15 New Heights
Lebron, 753, LeBron 15 Orange Box
Lebron, 7, LeBron 15 Orange Box (House of Hoops Special Box and Accessories)
Lebron, 483, LeBron 15 Performance KITH King's Cloak
Lebron, 258, LeBron 15 Performance KITH Rose Gold
Lebron, 305, LeBron 15 Performance KITH Suit of Armor
Lebron, 71, LeBron 15 Pride of Ohio
Lebron, 1489, LeBron 15 Red Diamond Turf
Lebron, 683, LeBron 15 Rust Pink
Lebron, 100, LeBron 15 Rust Pink (GS)
Lebron, 29, LeBron 15 Safety Orange (GS)
Lebron, --, LeBron 15 Wine
Lebron, 1954, LeBron 16 1 Thru 5 (What The)
Lebron, --, LeBron 16 EP 1 Thru 5
Lebron, --, LeBron 16 EP I'm King
Lebron, 6, LeBron 16 Equality 2019 (GS)
Lebron, 235, LeBron 16 Equality Away (2019)
Lebron, 292, LeBron 16 Equality Home (2019)
Lebron, 26, LeBron 16 Fresh Bred (GS)
Lebron, --, LeBron 16 Fresh Bred (PS)
Lebron, 1, LeBron 16 Fresh Bred (TD)
Lebron, 706, LeBron 16 HFR (W)
Lebron, 665, LeBron 16 I Promise
Lebron, 9, LeBron 16 I Promise (GS)
Lebron, 1, LeBron 16 I'm King (GS)
Lebron, 722, LeBron 16 King
Lebron, 26, LeBron 16 King (GS)
Lebron, 2, LeBron 16 Little Big Cats (TD)
Lebron, 205, LeBron 16 Multi-Color
Lebron, 216, LeBron 16 Oreo
Lebron, --, LeBron 16 Strive (GS)
Lebron, --, LeBron 16 Strive (PS)
Lebron, --, LeBron 16 Strive (TD)
Lebron, 9, LeBron 16 Superman (PS)
Lebron, 5, LeBron 16 Superman (TD)
Lebron, 807, LeBron 16 Superman SuperBron
Lebron, 474, LeBron 3 Black Gold (2018)
Lebron, 444, LeBron 3 Christ The King (2018)
Lebron, 102, LeBron 3 Superman Red (2019)
Lebron, 1321, LeBron Icon John Elliott White
Lebron, 6, LeBron Soldier 11 Cavs
Lebron, --, LeBron Soldier 11 Kay Yow
Lebron, --, LeBron Soldier 11 TB College Navy
Lebron, --, LeBron Soldier 11 TB Team Red
Lebron, 1, LeBron Soldier 11 TB University Red
Lebron, 1, LeBron Soldier 11 White Metallic Silver Black
Lebron, 1, LeBron Soldier 12 SVSM Home (GS)
Lebron, --, LeBron Solider 12 Flyease Black Battle Blue
Lebron, 1, LeBron Witness 3 Bred
Lebron, 16, LeBron X Celebration Pack
Lebron, 82, LeBron X EXT Black Suede
Lebron, 112, LeBron X EXT Denim
Lebron, 24, LeBron X Elite Miami Dade
Lebron, 35, LeBron X Elite Total Crimson
Lebron, 33, LeBron X Elite+ White Gold
Lebron, 7, LeBron X Low Akron Aeros
Lebron, --, LeBron X Low Black Total Crimson
Lebron, 6, LeBron X Low Knicks HWC
Lebron, 22, LeBron X Low LeBroncurial
Lebron, 29, LeBron X Low Reptile
Lebron, 6, LeBron X Low Sprite
Lebron, 1, LeBron X Low USA
Lebron, 16, LeBron X Low Watermelon
Lebron, 2, LeBron X NSW Black Sail
Lebron, --, LeBron X NSW Dark Olive
Lebron, --, LeBron X NSW Hazelnut
Lebron, 2, LeBron X NSW Night Stadium
Lebron, 174, LeBron X Re-Entry
Lebron, 14, LeBron X What the MVP
Lebron, 1108, LeBron Zoom Soldier 1 Think 16 (25 Straight)
Lebron, 69, LeBron Zoom Soldier 10 Black Gold (Nike iD)
Lebron, 36, LeBron Zoom Soldier 10 Black Gum
Lebron, 10, LeBron Zoom Soldier 10 Black Red
Lebron, 10, LeBron Zoom Soldier 10 Black Royal
Lebron, 6, LeBron Zoom Soldier 10 Black Space
Lebron, 16, LeBron Zoom Soldier 10 Black Uni Gold
Lebron, 8, LeBron Zoom Soldier 10 Black University Red
Lebron, 5, LeBron Zoom Soldier 10 Black White
Lebron, 4, LeBron Zoom Soldier 10 Christ the King
Lebron, --, LeBron Zoom Soldier 10 Cosmic
Lebron, 2, LeBron Zoom Soldier 10 Court Purple
Lebron, 5, LeBron Zoom Soldier 10 Dunkman
Lebron, 11, LeBron Zoom Soldier 10 Gold Medal
Lebron, 4, LeBron Zoom Soldier 10 Hyper Cobalt
Lebron, 4, LeBron Zoom Soldier 10 John Elliot
Lebron, 6, LeBron Zoom Soldier 10 Midnight Navy
Lebron, 1, LeBron Zoom Soldier 10 NYC SOHO Exclusive
Lebron, 14, LeBron Zoom Soldier 10 SFG Camo
Lebron, 2, LeBron Zoom Soldier 10 Strive For Greatness
Lebron, --, LeBron Zoom Soldier 10 Team Bank Black
Lebron, --, LeBron Zoom Soldier 10 Team Bank Game Royal
Lebron, --, LeBron Zoom Soldier 10 Team Bank University Red
Lebron, 2, LeBron Zoom Soldier 10 Team Bank White
Lebron, 4, LeBron Zoom Soldier 10 Think Pink
Lebron, 6, LeBron Zoom Soldier 10 Un-Cleated
Lebron, 9, LeBron Zoom Soldier 10 Unlimited
Lebron, 1, LeBron Zoom Soldier 10 White Midnight Navy
Lebron, 16, LeBron Zoom Soldier 11 Black Gum
Lebron, 8, LeBron Zoom Soldier 11 Black Sail
Lebron, 41, LeBron Zoom Soldier 11 Burgundy
Lebron, 71, LeBron Zoom Soldier 11 Camo
Lebron, 5, LeBron Zoom Soldier 11 Cleat Ohio State PE
Lebron, 3, LeBron Zoom Soldier 11 College Navy
Lebron, 29, LeBron Zoom Soldier 11 Court General
Lebron, 23, LeBron Zoom Soldier 11 Glacier Grey
Lebron, 1, LeBron Zoom Soldier 11 Grey Gum
Lebron, 33, LeBron Zoom Soldier 11 Olive Camo
Lebron, 24, LeBron Zoom Soldier 11 Prototype
Lebron, 4, LeBron Zoom Soldier 11 Safari (GS)
Lebron, 1, LeBron Zoom Soldier 11 Triple White (GS)
Lebron, 52, LeBron Zoom Soldier 11 Ultramarine
Lebron, --, LeBron Zoom Soldier 11 Ultramarine (GS)
Lebron, 14, LeBron Zoom Soldier 11 University Red White
Lebron, 67, LeBron Zoom Soldier 11 Wheat
Lebron, 6, LeBron Zoom Soldier 12 25 Straight
Lebron, --, LeBron Zoom Soldier 12 Agimat
Lebron, --, LeBron Zoom Soldier 12 Air Raid
Lebron, 11, LeBron Zoom Soldier 12 Black Red
Lebron, 6, LeBron Zoom Soldier 12 Blackened Blue
Lebron, 28, LeBron Zoom Soldier 12 Bred
Lebron, 13, LeBron Zoom Soldier 12 Camo
Lebron, 53, LeBron Zoom Soldier 12 Dark 23
Lebron, 11, LeBron Zoom Soldier 12 SVSM Home
Lebron, 3, LeBron Zoom Soldier 7 Deep Royal Blue
Lebron, --, LeBron Zoom Soldier 7 King's Pride
Lebron, --, LeBron Zoom Soldier 8 Flyease Cavs
Lebron, 1, LeBron Zoom Soldier 9 Blue Lagoon
Lebron, 14, LeBron Zoom Soldier 9 Oregon
Lebron, --, LeBron Zoom Soldier 9 Red Champ (GS)
Lebron, --, LeBron Zoom Witness Wolf Grey Star Blue
Lebron, 464, Lebron 15 Mowabb
Lebron, 26, Nike LeBron 13 Akronite
Lebron, --, Nike LeBron 13 NSW White Rubber City
Lebron, 10, Nike LeBron 13 Opening Night
Lebron, 31, Nike LeBron 13 Written In the Stars
Lebron, 19, Nike LeBron Zoom 2 Midnight Navy
Lebron, --, Nike LeBron Zoom Soldier 10 Flyease Black Gum
Lebron, 5, Nike LeBron Zoom Soldier 10 Lux Cargo Khaki
Lebron, 3, Nike LeBron Zoom Soldier 10 Pinnacle White Black
Lebron, 24, Nike LeBron Zoom Soldier 11 Black Gold
Lebron, 34, Nike LeBron Zoom Soldier 11 Cool Grey
Lebron, 51, Nike LeBron Zoom Soldier 11 Silver Bullet
Lebron, --, Nike LeBron Zoom Soldier 8 TB White Black
Lebron, 2, Nike LeBron Zoom Soldier 8 Watch the Throne
Lebron, 10, Nike LeBron Zoom Soldier 9 Think Pink
Lebron, 7, Nike Zoom Witness Pale Grey
Lebron, 1, Nike Zoom Witness White Metallic Gold Black
Lebron, --, Zoom Soldier 8 Cave Purple
Lebron, 4, Air Zoom Generation Black White Crimson
Lebron, 3, Air Zoom Generation USA
Lebron, 16, Air Zoom Generation Wheat (All-Star)
Lebron, 12, Air Zoom Generation White Black
Lebron, 1, Air Zoom Generation White Metallic Silver
Lebron, 8, Air Zoom Generation White Varsity Crimson
Lebron, --, Air Zoom Generation White Varsity Royal
Lebron, 5, LeBron 2 Birthday
Lebron, 21, LeBron 2 Cool Grey
Lebron, 7, LeBron 20-5-5 Black-Varsity Red
Lebron, --, LeBron 20-5-5 China
Lebron, --, LeBron 20-5-5 Four Horsemen
Lebron, --, LeBron 20-5-5 Hong Kong
Lebron, --, LeBron 20-5-5 Japan
Lebron, 1, LeBron 20-5-5 Ohio State
Lebron, 3, LeBron 20-5-5 Olympic
Lebron, 3, LeBron 20-5-5 White Metallic Silver Black
Lebron, 3, LeBron 20-5-5 White Midnight Navy Varsity Red
Lebron, 8, LeBron 3 Black Crimson
Lebron, --, LeBron 3 Kid
Lebron, --, LeBron 3 Low Baroque Brown
Lebron, 5, LeBron 3 Midnight Navy
Lebron, 5, LeBron 3 West Coast
Lebron, 13, LeBron 4 All-Star Game
Lebron, 14, LeBron 4 Birthday
Lebron, 6, LeBron 4 Black Crimson
Lebron, 17, LeBron 4 Black White Red
Lebron, 3, LeBron 4 China
Lebron, 1, LeBron 4 Fruity Pebbles
Lebron, 3, LeBron 4 Graffiti NYC
Lebron, --, LeBron 4 Home PE
Lebron, 6, LeBron 4 Playoffs
Lebron, 19, LeBron 4 West Coast
Lebron, 10, LeBron 4 White Chrome
Lebron, 10, LeBron 5 All Star Game
Lebron, --, LeBron 5 Black Army Olive
Lebron, 4, LeBron 5 Black Crimson Black
Lebron, 4, LeBron 5 Black Crimson Metallic Gold
Lebron, 6, LeBron 5 China Edition
Lebron, --, LeBron 5 Christ the King Away Suede
Lebron, --, LeBron 5 Christ the King Home
Lebron, 1, LeBron 5 Dunkman
Lebron, --, LeBron 5 Low All Black
Lebron, --, LeBron 5 Low Black Mean Green
Lebron, --, LeBron 5 Low Dunkman
Lebron, --, LeBron 5 Low Navy Crimson White
Lebron, --, LeBron 5 Low Stealth University Blue
Lebron, --, LeBron 5 Low White Metallic Silver
Lebron, --, LeBron 5 Low White Univeristy Blue
Lebron, 1, LeBron 5 Mr. Basketball
Lebron, 1, LeBron 5 Ohio State
Lebron, 1, LeBron 5 St. Vincent-St. Mary
Lebron, 2, LeBron 5 White Crimson Metallic Gold
Lebron, 4, LeBron 5 White Navy Metallic Gold
Lebron, 5, LeBron 5 Yankees
Lebron, 1, LeBron 6 Akron
Lebron, 1, LeBron 6 All-Star Game
Lebron, --, LeBron 6 Athlete
Lebron, 1, LeBron 6 Big Apple
Lebron, 5, LeBron 6 Blackout
Lebron, 14, LeBron 6 Bred
Lebron, --, LeBron 6 Business
Lebron, 12, LeBron 6 Chalk
Lebron, 3, LeBron 6 Christ the King
Lebron, 4, LeBron 6 Hardwood Classic 1
Lebron, --, LeBron 6 Kid
Lebron, 7, LeBron 6 Los Angeles
Lebron, --, LeBron 6 Low All Black
Lebron, --, LeBron 6 Low Carbon
Lebron, --, LeBron 6 Low Dunkman
Lebron, --, LeBron 6 Low Safari
Lebron, --, LeBron 6 Low St. Vincent St. Mary
Lebron, 1, LeBron 6 Low White Baltic Blue
Lebron, --, LeBron 6 Low White Black
Lebron, --, LeBron 6 Low White Midnight Navy
Lebron, --, LeBron 6 Low White Varisty Red
Lebron, 3, LeBron 6 MVP
Lebron, 5, LeBron 6 Miami
Lebron, 3, LeBron 6 St. Vincent St. Mary
Lebron, 3, LeBron 6 Summit Lake Hornets
Lebron, 3, LeBron 6 Superman
Lebron, 5, LeBron 6 Taxi
Lebron, 6, LeBron 6 United We Rise
Lebron, 2, LeBron 6 Wise
Lebron, 1, LeBron 6 Witness Gold
Lebron, 20, LeBron 7 All-Star Chlorine Blue
Lebron, 13, LeBron 7 Black-White-Metallic Gold
Lebron, 8, LeBron 7 China Moon
Lebron, 12, LeBron 7 Christ the King (CTK)
Lebron, 15, LeBron 7 Christmas
Lebron, 12, LeBron 7 Cool Grey
Lebron, 35, LeBron 7 Dunkman
Lebron, 1, LeBron 7 Eastbay TB Red
Lebron, 2, LeBron 7 Eastbay TB Royal
Lebron, 2, LeBron 7 Low Dunkman
Lebron, 2, LeBron 7 Low White Metallic Gold
Lebron, --, LeBron 7 MTAG Akron
Lebron, --, LeBron 7 MTAG Beijing
Lebron, 2, LeBron 7 MTAG Chicago
Lebron, 2, LeBron 7 MTAG London
Lebron, 1, LeBron 7 MTAG Los Angeles
Lebron, 1, LeBron 7 MTAG New York City
Lebron, --, LeBron 7 MTAG Paris
Lebron, --, LeBron 7 MTAG Shanghai
Lebron, --, LeBron 7 MTAG Shengyang
Lebron, --, LeBron 7 MTAG Washington DC
Lebron, 11, LeBron 7 NFW (No Flywire)
Lebron, 10, LeBron 7 PS MVP (NFW)
Lebron, 8, LeBron 7 PS P.S. Bred
Lebron, 1, LeBron 7 PS P.S. White-Navy
Lebron, 6, LeBron 7 Phantom
Lebron, 16, LeBron 7 Red Carpet
Lebron, 8, LeBron 7 University of Akron
Lebron, 11, LeBron 7 White-Black-Varsity Red
Lebron, 4, LeBron 7 White-Midnight Navy
Lebron, --, LeBron 8 112 Pack (Clark Kent)
Lebron, 16, LeBron 8 Black-White-Red
Lebron, 3, LeBron 8 Blackout
Lebron, 8, LeBron 8 China
Lebron, 9, LeBron 8 Cool Grey
Lebron, 10, LeBron 8 Home
Lebron, 1, LeBron 8 James Dean Denim
Lebron, 1, LeBron 8 Low Triple Black
Lebron, 7, LeBron 8 PS Dunkman
Lebron, 2, LeBron 8 PS Home
Lebron, 8, LeBron 8 PS NBA Finals
Lebron, 5, LeBron 8 PS Royal-Black
Lebron, 10, LeBron 8 PS White-Black-Red
Lebron, 75, LeBron 8 South Beach (Pre-Heat)
Lebron, 2, LeBron 8 Un-China
Lebron, 19, LeBron 8 V-2 All-Star Blue
Lebron, 20, LeBron 8 V-2 Christmas
Lebron, 1, LeBron 8 V-2 Christmas (GS)
Lebron, 45, LeBron 8 V-2 Entourage
Lebron, 8, LeBron 8 V-2 Low Miami Nights
Lebron, 27, LeBron 8 V-2 Low Solar Red
Lebron, 41, LeBron 8 V-2 Low Sprite
Lebron, --, LeBron 8 V-2 Spark (GS)
Lebron, 8, LeBron 8 V-2 Summit Lake Hornets
Lebron, 4, LeBron 8 V-2 Yankees
Lebron, 3, LeBron 8 Veterans Day
Lebron, 85, LeBron 9 Big Bang AS
Lebron, 10, LeBron 9 Black History Month
Lebron, 45, LeBron 9 Cannon
Lebron, 56, LeBron 9 China (YOTD)
Lebron, 51, LeBron 9 Christmas
Lebron, 12, LeBron 9 Cool Grey
Lebron, 28, LeBron 9 Dunkman
Lebron, --, LeBron 9 Elite Big Bang Sample
Lebron, --, LeBron 9 Elite Cannon Sample
Lebron, --, LeBron 9 Elite China Sample
Lebron, --, LeBron 9 Elite Volt Sample
Lebron, 35, LeBron 9 Freegums
Lebron, 8, LeBron 9 Kentucky
Lebron, 2, LeBron 9 Low Cherry
Lebron, 10, LeBron 9 Low Cyber
Lebron, 16, LeBron 9 Low Easter
Lebron, 1, LeBron 9 Low Entourage
Lebron, 12, LeBron 9 Low Fireberry
Lebron, 14, LeBron 9 Low Floridians
Lebron, 18, LeBron 9 Low Liverpool
Lebron, 16, LeBron 9 Low Summit Lake Hornets
Lebron, 7, LeBron 9 Low USA Olympic
Lebron, --, LeBron 9 Low War Vet
Lebron, 37, LeBron 9 Mango
Lebron, 3, LeBron 9 Miami Heat Away
Lebron, --, LeBron 9 Miami Heat Home
Lebron, 20, LeBron 9 Miami Hurricanes
Lebron, 30, LeBron 9 Miami Nights
Lebron, 1, LeBron 9 Ohio State
Lebron, 31, LeBron 9 PS Elite Away
Lebron, 30, LeBron 9 PS Elite Home
Lebron, 181, LeBron 9 PS Elite South Beach
Lebron, 38, LeBron 9 PS Elite Taxi
Lebron, --, LeBron 9 Summit Lake Hornets (GS)
Lebron, 31, LeBron 9 Swingman
Lebron, 7, LeBron 9 Triple Black
Lebron, --, LeBron 9 Watch the Throne (With Lacelock)
Lebron, --, LeBron 9 What the LeBron
Lebron, --, LeBron Low 5 Remix
Lebron, 119, LeBron X All-Star Area 72
Lebron, 1, LeBron X All-Star Area 72 (GS)
Lebron, 1, LeBron X Away
Lebron, 22, LeBron X Black History Month
Lebron, 6, LeBron X Canary
Lebron, 25, LeBron X Carbon
Lebron, 62, LeBron X Christmas
Lebron, 91, LeBron X Cutting Jade
Lebron, 13, LeBron X Dunkman
Lebron, 96, LeBron X EXT Cork
Lebron, 2, LeBron X Elite Peach Jam
Lebron, 24, LeBron X Floridian
Lebron, 17, LeBron X Home
Lebron, 16, LeBron X Lava
Lebron, 15, LeBron X Low Easter
Lebron, 26, LeBron X Prism
Lebron, 8, LeBron X SP Crown Jewel Fireberry
Lebron, 19, LeBron X SP Gold Medal
Lebron, 31, LeBron X Setting
Lebron, 47, LeBron X Volt
Lebron, 26, LeBron X+ Blue Diamond
Lebron, 9, LeBron X+ Pressure
Lebron, --, LeBron Zoom Soldier 1 Dunkman
Lebron, --, LeBron Zoom Soldier 3 Midnight Navy
Lebron, 1, LeBron Zoom Soldier 6 Wolf Grey Game Royal
Lebron, --, LeBron Zoom Solider 3 POP
Lebron, 2, Nike LeBron 9 Low Bred
Lebron, 22, Nike LeBron Zoom 2 Black Crimson
Lebron, --, Nike LeBron Zoom Soldier 2 SVSM Away
Lebron, --, Nike Zoom Soldier 4 SVSM
Lebron, 12, Zoom LeBron III White-Black-Varsity Crimson
Lebron, --, Zoom Soldier II China
Lebron, --, Zoom Soldier II Christ the King Away
Lebron, --, Zoom Soldier II Christ the King Home
Lebron, --, Zoom Soldier II Dunkman
Lebron, --, Zoom Soldier II Friendlies
Lebron, --, Zoom Soldier II OSU Away
Lebron, --, Zoom Soldier II OSU Home
Lebron, 1, Zoom Soldier II Playoffs
Lebron, --, Zoom Soldier II Remix
Lebron, --, Zoom Soldier II SVSM Away
Lebron, --, Zoom Soldier II Skills Academy
Lebron, --, Zoom Soldier II Stealth
Lebron, --, Zoom Soldier II Summit Lake Hornets
Lebron, --, Zoom Soldier II Team Bank Black Blue
Lebron, --, Zoom Soldier II Team Bank Black Orange
Lebron, --, Zoom Soldier II Team Bank Black Red
Lebron, --, Zoom Soldier II Team Bank Black Silver
Lebron, 1, Zoom Soldier II Team Bank Green White
Lebron, --, Zoom Soldier II Team Bank Red White
Lebron, --, Zoom Soldier II Team Bank Royal White
Lebron, --, Zoom Soldier II Team Bank White Black
Lebron, --, Zoom Soldier II Team Bank White Blue
Lebron, --, Zoom Soldier II Team Bank White Grey
Lebron, --, Zoom Soldier II Team Bank White Orange
Lebron, --, Zoom Soldier II Team Bank White Purple
Lebron, --, Zoom Soldier II Team Bank White Red
Lebron, --, Zoom Soldier II Team Bank White Royal
Lebron, 2, Zoom Soldier II United We Rise
Lebron, --, Zoom Soldier II White Navy Silver
Lebron, 1, Zoom Soldier III Army Camo
Lebron, --, Zoom Soldier III Asia XDR
Lebron, 2, Zoom Soldier III Black Aqua
Lebron, 2, Zoom Soldier III Black White Red
Lebron, 1, Zoom Soldier III Christ the King Home
Lebron, --, Zoom Soldier III Cool Grey
Lebron, 2, Zoom Soldier III Dunkman
Lebron, 1, Zoom Soldier III Finals
Lebron, --, Zoom Soldier III OSU Home
Lebron, 2, Zoom Soldier III Playoffs
Lebron, --, Zoom Soldier III Stealth
Lebron, --, Zoom Soldier III Team Bank Black Blue
Lebron, --, Zoom Soldier III Team Bank Black Orange
Lebron, --, Zoom Soldier III Team Bank Black Red
Lebron, --, Zoom Soldier III Team Bank Black Silver
Lebron, --, Zoom Soldier III Team Bank University Blue
Lebron, --, Zoom Soldier III Team Bank White Black
Lebron, --, Zoom Soldier III Team Bank White Crimson
Lebron, --, Zoom Soldier III Team Bank White Green
Lebron, --, Zoom Soldier III Team Bank White Navy
Lebron, --, Zoom Soldier III Team Bank White Orange
Lebron, --, Zoom Soldier III Team Bank White Purple
Lebron, --, Zoom Soldier III Team Bank White Red
Lebron, --, Zoom Soldier III Team Bank White Royal
Lebron, --, Zoom Soldier III Team Bank White Silver
Lebron, 3, Zoom Soldier III Think Pink
Lebron, 1, Zoom Soldier III White Midnight Navy
Lebron, --, Zoom Solider 6 University Red Black Wolf Grey
Lebron, 1, Zoom Solider II White Navy Red
Lebron, 16, Air Zoom Generation First Game
Lebron, 19, Air Zoom Generation First Game (2017)
Lebron, 507, Air Zoom Generation Wheat Retro
Lebron, --, LeBron 12 Flight (GS)
Lebron, --, LeBron 12 Gamer (GS)
Lebron, 6, LeBron 12 Low Entourage
Lebron, --, LeBron 12 NSW Letter of Intent
Lebron, 2, LeBron 13 Command Force
Lebron, 2, LeBron 13 Fruity Pebbles (GS)
Lebron, 10, LeBron 13 Low Stealth
Lebron, 106, LeBron 14 Low White Ice
Lebron, 616, LeBron 15 Air Max 95
Lebron, 651, LeBron 15 Diamond Turf
Lebron, 263, LeBron 15 Hardwood Classics
Lebron, 201, LeBron 15 Lifestyle KITH City of Angels
Lebron, 354, LeBron 15 Low Ashes
Lebron, 245, LeBron 15 Low Black Gold
Lebron, 111, LeBron 15 Low Light Bone
Lebron, 39, LeBron 15 Low Team Red
Lebron, 199, LeBron 15 Low White Metallic Silver
Lebron, 2, LeBron 15 Mowabb (House of Hoops Special Box and Accessories)
Lebron, --, LeBron 16 EP Oreo
Lebron, 901, LeBron 16 Fresh Bred
Lebron, 173, LeBron 16 I'm King
Lebron, --, LeBron 16 I'm King (PS)
Lebron, --, LeBron 16 I'm King (TD)
Lebron, --, LeBron 20-5-5 Black Medium Grey
Lebron, 1, LeBron 20-5-5 White Black Varsity Maize
Lebron, 115, LeBron 3 White Navy (2018)
Lebron, 7, LeBron 4 East Coast Blackout
Lebron, 7, LeBron 5 Gorge Green Metallic Gold
Lebron, 5, LeBron 6 Graffiti
Lebron, --, LeBron 6 Low All White
Lebron, 13, LeBron 6 Ohio State
Lebron, 2, LeBron 6 Yankees
Lebron, --, LeBron 7 Eastbay TB Orange
Lebron, 13, LeBron 7 PS P.S. POP
Lebron, 2, LeBron 7 PS P.S. Summit Lake Hornets
Lebron, 9, LeBron 8 Low Wolf Grey
Lebron, 77, LeBron 9 Summit Lake Hornets
Lebron, --, LeBron Soldier 11 Flyease Bred
Lebron, --, LeBron Soldier 11 TB Midnight Navy
Lebron, --, LeBron Witness 2 College Navy Team Red
Lebron, 100, LeBron X EXT Hazelnut
Lebron, 37, LeBron X Elite Superhero
Lebron, 1, LeBron X Low Ohio State
Lebron, 5, LeBron X Low Sonic Yellow
Lebron, 6, LeBron Zoom Soldier 10 Battle Grey
Lebron, 20, LeBron Zoom Soldier 10 Black Toe
Lebron, 3, LeBron Zoom Soldier 10 Cool Grey
Lebron, 2, LeBron Zoom Soldier 10 TB Midnight Navy
Lebron, 3, LeBron Zoom Soldier 10 USA
Lebron, 4, LeBron Zoom Soldier 12 AU
Lebron, 18, Lebron 14 Black Ice
Lebron, 31, Nike LeBron 13 Away
Lebron, 13, Nike LeBron Zoom Soldier 10 Lux Red
Lebron, --, Zoom Soldier Fairfax Away
Lebron, --, Zoom Soldier II Army
Lebron, --, Zoom Soldier II Fairfax Home
Lebron, --, Zoom Soldier II Real Camo
Lebron, --, Zoom Soldier II USA Tattoo
Lebron, 3, Zoom Soldier III Akron Home
Lebron, 12, LeBron 12 Court Vision
Lebron, 34, LeBron 12 Low USA
Lebron, 2, LeBron 15 Air Max 95 (House of Hoops Special Box and Accessories)
Lebron, 262, LeBron 15 Lifestyle KITH King's Crown
Lebron, --, LeBron Soldier 12 Provence Purple
Lebron, --, Air Zoom Generation Gloria (Pink Tongue)
Lebron, --, Air Zoom Generation Gloria (White Tongue)
Lebron, --, Air Zoom Generation LA All-Star (2004)
Lebron, --, Air Zoom Generation LA All-Star (2018)
Lebron, --, LeBron 11 Terracotta Warrior (GS)
Lebron, --, LeBron 12 Akron PE
Lebron, --, LeBron 12 Sprite Mix (Special Packaging)
Lebron, 1, LeBron 13 EYBL
Lebron, 2, LeBron 13 SVSM Away PE
Lebron, --, LeBron 13 SVSM Home PE
Lebron, 51, LeBron 15 Equality (Black)
Lebron, 44, LeBron 15 Equality (White)
Lebron, 13, LeBron 15 Lifestyle Kith F&F White
Lebron, 5, LeBron 15 Ohio State PE
Lebron, --, LeBron 15 Ohio State PE (Grey)
Lebron, 12, LeBron 15 PK80
Lebron, 711, LeBron 15 Performance Kith Closing Ceremony
Lebron, --, LeBron 15 Performance Ronnie Fieg x Cardozo PE
Lebron, 7, LeBron 15 Performance Ronnie Fieg x SVSM PE
Lebron, --, LeBron 15 SVSM Away
Lebron, --, LeBron 15 SVSM Home
Lebron, --, LeBron 4 Christ the King Away PE
Lebron, 1, LeBron 4 Christ the King Home PE
Lebron, --, LeBron 4 Fairfax Away PE
Lebron, --, LeBron 4 Fairfax Home PE
Lebron, --, LeBron 4 Hardwood Classics
Lebron, --, LeBron 4 OSU Away PE
Lebron, --, LeBron 4 OSU Home PE
Lebron, --, LeBron 4 SVSM Away PE
Lebron, --, LeBron 4 SVSM Home PE
Lebron, --, LeBron 6 Stewie Griffin PE
Lebron, --, LeBron 7 Heroes Pack (Michael Jordan)
Lebron, --, LeBron 8 South Beach (GS)
Lebron, --, LeBron 9 Christ The King Away (PE)
Lebron, 1, LeBron 9 Shooting Stars PE
Lebron, 1, LeBron Icon John Elliott Grey (F&F)
Lebron, --, LeBron X Chrome PE
Lebron, 1, LeBron X Must Be the Honey
Lebron, --, LeBron Zoom Soldier 10 Oregon Ducks Away PE
Lebron, --, LeBron Zoom Soldier 11 Black History Month (2018)
Lebron, --, LeBron Zoom Soldier 6 Fairfax Away PE
Lebron, --, LeBron Zoom Soldier 6 Fairfax Home PE
Lebron, --, LeBron Zoom Soldier 6 SVSM Alternate PE
Lebron, --, LeBron Zoom Soldier 6 SVSM Away PE
Lebron, 1, Nike LeBron 9 Cool Grey (GS)
Lebron, 6, Zoom Soldier III SVSM Home
Lebron, --, LeBron 9 Low LeBronald Palmer
Lebron, 2, LeBron 3 China
Lebron, --, LeBron 11 Forging Iron (GS)
Lebron, 2, LeBron 11 Graffiti (GS)
Lebron, 3, LeBron 12 Low Bright Citrus
Lebron, --, LeBron 3 White Black Varsity Crimson (GS)
Lebron, 11, LeBron 9 South Beach (GS)
Lebron, 46, LeBron Slide South Beach
Lebron, --, LeBron Solider 9 Freegums
Lebron, 4, LeBron Solider 9 Quai 54
Lebron, 1, LeBron X Sport Pack Blue Diamond
Lebron, 3, Nike LeBron Zoom 3 All-Star
Lebron, 6, Nike LeBron Zoom 3 Black Metallic Gold
Lebron, 4, LeBron 9 Big Bang AS (GS)
Kyrie, 224, Air Zoom Vapor X Kyrie Hot Lava
Kyrie, 3, Nike Kyrie Flytrap Black Black-Metallic Gold
Harden, 24, adidas Crazylight Boost 2016 Harden USA
Harden, 4, adidas Crazylight Boost Triple White James Harden
Dame, 2, adidas Dame 3 Collegiate Royal
Dame, 8, adidas Dame 3 Dark Green
Dame, 1, adidas Dame 3 On Tour
Dame, --, adidas Dame 3 Static
Dame, 2245, adidas Dame 4 A Bathing Ape Camo
Dame, 22, adidas Dame 4 Rip City
Dame, 9, adidas Dame 4 Tribal
Dame, 3, adidas Dame 5 Home
Harden, 9, adidas Harden LS Olive
Harden, 18, adidas Harden LS Raw Steel
Harden, 31, adidas Harden Vol. 1 Imma Be A Star
Harden, --, adidas Harden Vol. 1 Pensole
Harden, 28, adidas Harden Vol. 1 Red Glare
Harden, 264, adidas Harden Vol. 2 "Vision" All-Star (2018)
Harden, 57, adidas Harden Vol. 2 Blue Night
Harden, 94, adidas Harden Vol. 2 Grey One
Harden, 57, adidas Harden Vol. 2 Imma Be A Star
Harden, 42, adidas Harden Vol. 2 Lift Off
Harden, 153, adidas Harden Vol. 2 Maroon
Harden, 126, adidas Harden Vol. 2 Melon
Harden, 102, adidas Harden Vol. 2 Nightmare
Harden, 19, adidas Harden Vol. 2 Trace Cargo
Harden, 59, adidas Harden Vol. 2 USA
Harden, 7, adidas Harden Vol. 3 Core Black Active Blue
Harden, 8, adidas Harden Vol. 3 Drew League
Harden, 35, adidas Harden Vol. 3 Supernova
Harden, 85, adidas Y-3 BYW Harden Black White
Harden, 44, adidas Y-3 BYW Harden White
Harden, 109, adidas Harden Vol. 1 Ash Pearl
Harden, 19, adidas Harden Vol. 2 LS MVP (2018)
Harden, 97, adidas Harden Vol. 3 Black White
Westbrook, 1, Jordan 1 Retro High Russell Westbrook (GS)
Westbrook, 97, Jordan 1 Retro Russell Westbrook PE
Westbrook, 889, Jordan 10 Retro Russell Westbrook Class of 2006
Westbrook, 90, Jordan 10 Retro Russell Westbrook Class of 2006 (GS)
Westbrook, 8, Jordan 10 Retro Russell Westbrook Class of 2006 (PS)
Westbrook, 2, Jordan 10 Retro Russell Westbrook Class of 2006 (TD)
Westbrook, 2, Jordan XX8 Westbrook Away
Westbrook, 10, Jordan XX8 Westbrook Home
Westbrook, 25, Jordan XXX1 Russell Westbrook MVP
Westbrook, 235, Jordan XXXII Russell Westbrook OKC
Westbrook, 2, Jordan Westbrook 0 Low Black Leather
Westbrook, 2, Jordan Westbrook 0 University Red
Westbrook, --, Jordan Westbrook 0.2 Bleached Denim
Westbrook, 6, Jordan Westbrook 0.2 Camo
Westbrook, --, Jordan Westbrook 0.2 Obsidian
Westbrook, 14, Jordan Westbrook 0.2 Vachetta Tan
Westbrook, 37, Jordan Westbrook 0.3 Dazzle
Westbrook, 3, Jordan Westbrook 0.3 So Cal
Westbrook, 21, Jordan Westbrook 0.2 Banned
Westbrook, --, Jordan Westbrook 0.2 Wheat-Wheat-Bleat
Westbrook, --, Jordan Westbrook Military Green
Curry, 1, Curry 2 Black History Month (GS)
Curry, 7, UA Curry 1 All American
Curry, 8, UA Curry 1 Away
Curry, 30, UA Curry 1 Black and Gold Banner
Curry, 13, UA Curry 1 Candy Reign
Curry, 24, UA Curry 1 Championship Pack
Curry, 12, UA Curry 1 Dark Matter (ASG)
Curry, 9, UA Curry 1 Dub Nation
Curry, 30, UA Curry 1 Father to Son
Curry, 3, UA Curry 1 Golf
Curry, 6, UA Curry 1 Home
Curry, 114, UA Curry 1 Low Championship
Curry, 27, UA Curry 1 Low Dub Nation
Curry, 16, UA Curry 1 Low Elite 24
Curry, 11, UA Curry 1 Low Golf
Curry, 3, UA Curry 1 Low Lux Tan
Curry, 13, UA Curry 1 Low Panthers
Curry, 8, UA Curry 1 Low Red
Curry, 11, UA Curry 1 Low SC30 Select
Curry, 10, UA Curry 1 Low UAA Finals
Curry, 11, UA Curry 1 Lux Black
Curry, 1, UA Curry 1 Lux Black Gum
Curry, 1, UA Curry 1 Lux Red
Curry, 4, UA Curry 1 Lux White Gum
Curry, 9, UA Curry 1 MI30
Curry, 27, UA Curry 1 MVP
Curry, 4, UA Curry 1 SC30 Select
Curry, 57, UA Curry 1 Splash Party
Curry, 5, UA Curry 1 Underdog
Curry, 49, UA Curry 2 All Star (2016)
Curry, 31, UA Curry 2 Birthday
Curry, 10, UA Curry 2 Black History Month
Curry, 16, UA Curry 2 Black Knight
Curry, 29, UA Curry 2 Dub Nation Away
Curry, 39, UA Curry 2 Dub Nation Home
Curry, 16, UA Curry 2 Electric Blue
Curry, 19, UA Curry 2 Elite
Curry, 5, UA Curry 2 Father to Son
Curry, 43, UA Curry 2 Floor General
Curry, 23, UA Curry 2 Gold Rings
Curry, 6, UA Curry 2 Haight Street
Curry, 13, UA Curry 2 Iron Forges Iron
Curry, 8, UA Curry 2 Long Shot
Curry, 4, UA Curry 2 Low Athletics
Curry, 11, UA Curry 2 Low Chef
Curry, 3, UA Curry 2 Low Energy
Curry, 1, UA Curry 2 Low San Francisco Giants
Curry, 2, UA Curry 2 Low The Essential
Curry, --, UA Curry 2 Low The Hook
Curry, 3, UA Curry 2 Mothers Day
Curry, 15, UA Curry 2 Northern Lights
Curry, 16, UA Curry 2 Professional
Curry, 12, UA Curry 2 Providence Road
Curry, 2, UA Curry 2 Rainmaker
Curry, 6, UA Curry 2 Rainmaker Graystorm
Curry, 26, UA Curry 2 Suit and Tie
Curry, 9, UA Curry 2 USA
Curry, 3, UA Curry 2 Waves
Curry, 12, UA Curry 2.5 73-9
Curry, 6, UA Curry 2.5 Black Taxi
Curry, 23, UA Curry 2.5 Dub Nation
Curry, 2, UA Curry 2.5 Long Shot
Curry, 4, UA Curry 2.5 Low SC 30 Select
Curry, 2, UA Curry 2.5 Miami
Curry, 6, UA Curry 2.5 Red Black
Curry, 1, UA Curry 2.5 SC30 Select
Curry, 1, UA Curry 2.5 USA
Curry, --, UA Curry 3 122 All Star
Curry, 10, UA Curry 3 Brass Band
Curry, 2, UA Curry 3 Chinese New Year
Curry, --, UA Curry 3 Dark Horse
Curry, --, UA Curry 3 Davidson
Curry, 28, UA Curry 3 Dub Nation Heritage
Curry, 1, UA Curry 3 Dub Nation Home
Curry, --, UA Curry 3 Flight Jacket
Curry, 1, UA Curry 3 Full Circle
Curry, --, UA Curry 3 Grey Matter
Curry, 3, UA Curry 3 Magi
Curry, 8, UA Curry 3 Raw Sugar
Curry, --, UA Curry 3 Red Hot Santa
Curry, 5, UA Curry 3 Reign Water
Curry, 6, UA Curry 3 SC Camo
Curry, 70, UA Curry Pack Back 2 Back MVP
Curry, 7, Under Armour Curry 1 Low Two-A-Days
Curry, --, Under Armour Curry 1 Mid Lux Blackout Navy
Curry, 10, Under Armour Curry 1 Shoe Palace 25th Anniversary
Curry, 1, Under Armour Curry 2.5 White Black
Curry, --, Under Armour Curry 3 Black Carolina
Curry, --, Under Armour Curry 3 Grey Matter Green
Curry, --, Under Armour Curry 3 White Blackout Navy
Curry, --, Under Armour Curry 3Zero Warriors Away
Curry, 22, Under Armour Curry 4 All-Star (2018)
Curry, 1, Under Armour Curry 4 Black White (GS)
Curry, 21, Under Armour Curry 4 Cal
Curry, 138, Under Armour Curry 4 Flushed Pink
Curry, 32, Under Armour Curry 4 Home
Curry, 1, Under Armour Curry 4 Low Baja
Curry, 4, Under Armour Curry 4 Low Grove Green
Curry, 3, Under Armour Curry 4 Low Merlot
Curry, 5, Under Armour Curry 4 Low NBA Jam
Curry, 26, Under Armour Curry 4 Low Nothing But Nets
Curry, --, Under Armour Curry 4 Low Orange
Curry, 101, Under Armour Curry 4 More Dimes
Curry, 11, Under Armour Curry 4 More Magic
Curry, 22, Under Armour Curry 4 More Range
Curry, 17, Under Armour Curry 4 Overcast Grey
Curry, 28, Under Armour Curry 4 Red Black Gum
Curry, 17, Under Armour Curry 4 Shoe Palace 25th Anniversary
Curry, 20, Under Armour Curry 4 Team Royal
Curry, 136, Under Armour Curry 4 White Black
Curry, 140, Under Armour Curry 4 White Gold
Curry, --, Under Armour Curry 4 White Gold (GS)
Curry, 81, Under Armour Curry 5 Black Gold
Curry, 14, Under Armour Curry 5 Black Multi-Color
Curry, 1, Under Armour Curry 5 Chef Curry
Curry, 30, Under Armour Curry 5 Copper
Curry, 18, Under Armour Curry 5 Grey Gum
Curry, 11, Under Armour Curry 5 Moroccan Blue
Curry, 246, Under Armour Curry 5 Pi Day
Curry, --, Under Armour Curry 5 Tan Gum
Curry, 68, Under Armour Curry 5 Welcome Home
Curry, 4, Under Armour Curry 5 White
Curry, 11, Under Armour Curry 5 White Confetti
Curry, 80, Under Armour Curry 5 White Gold
Curry, 33, Under Armour Curry 5 Wired Different
Curry, 2, Under Armour Curry 5 Yellow Orange
Curry, 65, Under Armour Curry 6 Christmas in the Town
Curry, 62, Under Armour Curry 6 Fox Theatre
Curry, --, Under Armour Curry 6 Fox Theatre (GS)
Curry, 2, Under Armour Curry 6 Red
Curry, 1, Under Armour Curry 6 Underrated
Curry, --, Under Armour Curry 6 Underrated (GS)
Curry, 1, UA Curry 2.5 49ers
Curry, 1, Under Armour Anatomix Spawn Stephen Curry Voodoo PE
Curry, 2, Under Armour Curry 1 Lux Mid Basketball Shoe Blackout Navy-Gold-Blackout Navy
Curry, --, Under Armour Curry 1 Lux Mid Sde Black-Metallic Silver-Black
Curry, 1, Under Armour Curry 1 Lux Mid Sde Red-Black-Red
Curry, --, Under Armour SC Curry 3 Zero Taxi Yellow
Curry, --, UA Curry 3Zer0 LTD Gold
Curry, --, UA Curry 3Zer0 LTD Gold (Signed)
Curry, --, Under Armour Curry 1 Low MLB All-Star 2018
Curry, 6, Under Armour Curry 4 Champ Pack
Curry, 1, Under Armour Curry 4 Low NBA Combine
Curry, --, Under Armour Curry 4 Low Purple
Curry, 1, Under Armour Curry 4 Low Red
Curry, 3, Under Armour Curry 4 Low Yellow
Curry, --, Under Armour Curry 4 Red
Curry, --, Under Armour Curry 4 Space
Curry, --, Under Armour Curry 4 Time
Curry, --, Under Armour Curry 5 Dance Mom
Curry, --, Under Armour Curry 3 Low Black-Aluminum-Black
